,Company,Job Title,Location,Job Type,Experience level,Salary
1,791,173,210,1,1,48000.0
2,659,173,139,1,1,48000.0
3,253,446,210,1,4,90000.0
4,158,173,116,1,1,48000.0
5,737,191,210,1,3,108000.0
6,821,268,210,1,5,184000.0
7,619,934,169,1,1,39000.0
8,638,108,198,2,1,0.0
9,1012,191,210,2,1,0.0
10,688,191,210,1,5,140000.0
11,172,268,192,1,1,40000.0
12,638,173,73,1,4,80000.0
13,1038,94,112,1,1,35000.0
14,158,616,169,1,5,62000.0
15,158,521,95,1,1,39000.0
16,821,268,210,1,5,159000.0
17,714,446,73,1,5,97000.0
18,183,173,47,1,5,92000.0
19,493,92,169,1,4,48000.0
20,281,268,172,1,5,129000.0
21,730,173,86,1,5,92000.0
22,990,191,112,1,5,115000.0
23,904,207,189,1,1,39000.0
24,158,615,210,1,1,44000.0
25,321,191,172,1,3,73000.0
26,173,268,210,1,1,40000.0
27,752,191,90,1,1,59000.0
28,737,94,210,1,5,106000.0
29,149,268,140,1,5,129000.0
30,750,173,64,1,5,92000.0
31,623,440,172,1,5,105000.0
32,1012,534,137,1,5,55000.0
33,717,191,172,1,5,115000.0
34,625,4,189,1,5,110000.0
35,393,767,73,1,5,140000.0
36,672,268,168,1,5,129000.0
37,158,257,210,1,4,63000.0
38,935,108,172,1,5,49000.0
39,99,108,172,1,5,180000.0
40,990,191,112,1,5,115000.0
41,28,213,95,1,5,62000.0
42,611,191,45,1,3,73000.0
43,420,931,210,1,5,127000.0
44,467,173,172,1,3,60000.0
45,885,268,210,1,5,129000.0
46,281,173,172,1,5,92000.0
47,319,108,172,1,3,45000.0
48,412,191,112,1,5,115000.0
49,670,173,172,1,5,135000.0
50,1010,441,210,1,5,69000.0
51,602,268,172,1,5,129000.0
52,806,460,73,1,5,176000.0
53,197,173,172,1,3,65000.0
54,231,268,209,1,3,40000.0
55,777,230,172,1,5,62000.0
56,158,103,64,1,1,48000.0
57,139,363,209,1,3,51000.0
58,637,108,111,1,5,67000.0
59,344,268,210,1,5,104000.0
60,659,173,139,1,5,92000.0
61,690,274,210,1,5,69000.0
62,377,191,172,1,3,73000.0
63,274,191,112,1,5,115000.0
64,961,191,172,1,5,105000.0
65,785,295,208,1,3,51000.0
66,480,268,172,1,5,166000.0
67,847,108,209,1,5,62000.0
68,797,173,73,1,4,80000.0
69,71,446,210,1,5,131000.0
70,158,319,209,1,5,62000.0
71,615,191,210,1,5,115000.0
72,274,836,210,1,5,69000.0
73,880,268,73,1,5,129000.0
74,529,576,172,1,3,40000.0
75,514,74,47,1,2,65000.0
76,308,409,210,1,1,43000.0
77,738,173,210,1,5,92000.0
78,787,204,172,1,3,45000.0
79,80,302,73,1,2,81000.0
80,264,94,172,1,3,35000.0
81,356,108,76,1,5,69000.0
82,737,173,210,1,5,92000.0
83,698,446,14,1,5,62000.0
84,377,173,172,1,3,65000.0
85,615,191,210,1,5,115000.0
86,356,121,76,1,5,69000.0
87,393,446,73,1,5,140000.0
88,390,173,90,1,3,65000.0
89,990,173,210,1,5,69000.0
90,737,191,210,1,4,96000.0
91,834,671,62,1,1,39000.0
92,404,212,73,1,5,69000.0
93,608,173,209,1,4,56000.0
94,834,141,62,1,1,39000.0
95,260,446,210,1,5,131000.0
96,831,873,210,1,5,62000.0
97,196,191,172,1,5,115000.0
98,985,191,112,1,5,115000.0
99,344,268,210,1,5,130000.0
100,902,311,172,1,2,73000.0
101,934,173,172,1,5,92000.0
102,554,173,73,1,5,131000.0
103,71,36,210,1,1,44000.0
104,528,191,95,1,5,115000.0
105,293,191,129,1,3,73000.0
106,840,228,115,1,4,50000.0
107,286,344,188,1,5,48000.0
108,737,191,75,1,1,59000.0
109,393,810,73,1,5,100000.0
110,434,268,47,1,5,129000.0
111,525,268,215,1,3,60000.0
112,737,191,210,1,1,52000.0
113,904,911,90,1,5,62000.0
114,11,189,209,1,5,135000.0
115,161,191,172,1,3,76000.0
116,80,268,73,1,5,129000.0
117,78,191,172,1,3,73000.0
118,738,173,210,1,5,92000.0
119,717,268,210,1,5,129000.0
120,819,801,79,1,5,62000.0
121,71,108,64,1,4,50000.0
122,149,879,210,1,5,172000.0
123,821,446,210,1,5,119000.0
124,909,108,210,1,5,125000.0
125,776,268,194,1,4,92000.0
126,864,191,148,1,5,116000.0
127,896,212,112,1,4,77000.0
128,611,446,45,1,3,74000.0
129,685,625,168,1,4,70000.0
130,857,191,209,1,5,120000.0
131,885,191,210,1,5,115000.0
132,904,104,90,1,5,115000.0
133,274,313,112,1,2,65000.0
134,695,191,90,1,1,59000.0
135,836,191,208,1,3,73000.0
136,563,173,189,1,5,92000.0
137,365,509,210,1,3,51000.0
138,67,316,90,1,5,62000.0
139,981,191,160,1,5,115000.0
140,260,553,210,1,5,69000.0
141,158,358,112,1,5,55000.0
142,876,173,209,1,1,48000.0
143,539,191,172,1,5,115000.0
144,737,268,210,1,2,92000.0
145,71,108,186,1,4,50000.0
146,69,631,73,1,5,69000.0
147,933,542,73,1,5,176000.0
148,158,268,169,1,1,40000.0
149,149,453,210,1,4,189000.0
150,834,191,62,1,1,39000.0
151,641,446,210,1,3,149000.0
152,39,173,189,1,5,92000.0
153,546,750,172,1,5,130000.0
154,1038,173,112,1,1,48000.0
155,532,44,172,1,5,110000.0
156,274,191,172,1,5,115000.0
157,398,446,209,1,5,131000.0
158,1044,268,56,1,1,40000.0
159,912,680,115,1,5,69000.0
160,933,765,209,1,5,62000.0
161,93,166,172,1,1,90000.0
162,959,685,209,1,3,51000.0
163,625,293,95,1,5,110000.0
164,960,268,172,1,5,120000.0
165,1006,51,189,2,1,0.0
166,261,494,210,1,2,73000.0
167,149,191,73,1,5,115000.0
168,389,218,185,1,1,39000.0
169,370,173,210,1,5,92000.0
170,358,877,73,1,5,131000.0
171,274,104,172,1,5,49000.0
172,158,586,95,1,1,105000.0
173,274,191,210,1,5,115000.0
174,834,446,62,1,1,30000.0
175,585,110,172,1,5,131000.0
176,869,191,209,1,5,115000.0
177,969,296,73,1,2,81000.0
178,238,108,112,1,1,35000.0
179,650,461,7,1,1,167000.0
180,698,869,148,1,5,236000.0
181,947,268,209,1,5,129000.0
182,603,191,124,1,5,115000.0
183,46,173,51,1,5,92000.0
184,757,80,172,1,3,77000.0
185,166,189,90,1,5,62000.0
186,916,268,112,1,5,50000.0
187,737,763,210,1,5,69000.0
188,966,268,120,1,1,40000.0
189,285,215,209,1,3,51000.0
190,990,539,210,1,5,131000.0
191,274,541,210,1,5,62000.0
192,548,924,152,1,1,35000.0
193,967,189,130,1,3,135000.0
194,199,173,140,1,3,65000.0
195,274,368,210,1,2,81000.0
196,1049,812,73,1,5,179000.0
197,983,556,210,1,4,100000.0
198,1012,266,198,1,1,35000.0
199,666,691,172,1,5,56000.0
200,46,173,51,1,5,92000.0
201,835,505,210,1,5,80000.0
202,38,219,112,1,5,49000.0
203,650,462,7,1,1,167000.0
204,806,446,73,1,5,200000.0
205,115,446,112,1,1,30000.0
206,158,206,185,2,1,0.0
207,688,104,47,1,5,30000.0
208,286,155,154,1,1,30000.0
209,354,191,172,1,3,73000.0
210,1006,173,189,2,1,0.0
211,963,191,112,1,3,73000.0
212,101,173,90,1,1,48000.0
213,449,191,76,1,5,115000.0
214,986,284,209,1,5,62000.0
215,557,827,148,1,5,139000.0
216,737,191,210,1,5,129000.0
217,13,191,121,1,5,113000.0
218,979,163,191,1,1,59000.0
219,827,117,11,1,2,81000.0
220,526,173,209,1,5,150000.0
221,862,838,86,1,1,39000.0
222,514,83,47,1,3,45000.0
223,641,596,210,1,3,158000.0
224,1063,191,77,1,4,96000.0
225,206,531,112,1,5,55000.0
226,1052,569,172,1,3,40000.0
227,520,648,121,1,5,184000.0
228,776,173,210,1,4,100000.0
229,790,268,90,1,5,129000.0
230,530,191,172,1,4,96000.0
231,158,605,112,1,5,55000.0
232,620,268,85,1,1,40000.0
233,79,268,163,1,5,129000.0
234,652,173,137,1,5,92000.0
235,737,473,95,1,3,51000.0
236,997,109,73,1,2,81000.0
237,369,191,140,1,5,115000.0
238,862,92,96,1,4,48000.0
239,77,173,167,1,3,65000.0
240,77,191,167,1,3,73000.0
241,742,173,102,1,4,50000.0
242,175,268,216,1,3,60000.0
243,1044,268,56,1,5,129000.0
244,158,604,112,1,5,55000.0
245,158,256,210,1,1,44000.0
246,30,191,172,1,5,115000.0
247,435,268,19,1,5,133000.0
248,427,816,172,1,4,120000.0
249,1053,191,28,1,3,73000.0
250,779,268,210,1,5,129000.0
251,356,446,209,1,5,131000.0
252,471,191,56,1,5,115000.0
253,158,213,112,1,5,55000.0
254,676,550,89,1,3,70000.0
255,858,835,27,1,2,81000.0
256,956,721,210,1,5,129000.0
257,13,268,209,1,5,104000.0
258,970,173,137,1,5,92000.0
259,981,191,160,1,5,62000.0
260,962,607,209,1,4,105000.0
261,916,268,112,1,5,50000.0
262,71,108,119,1,5,55000.0
263,841,191,153,1,5,115000.0
264,828,189,88,1,5,135000.0
265,737,94,210,1,5,69000.0
266,737,108,64,1,4,50000.0
267,967,619,130,1,3,51000.0
268,798,687,172,1,3,51000.0
269,1056,268,172,1,2,78000.0
270,903,191,172,1,3,73000.0
271,55,173,156,1,4,80000.0
272,511,17,212,1,5,55000.0
273,841,622,47,1,3,73000.0
274,891,212,172,1,3,77000.0
275,185,173,106,1,5,92000.0
276,332,173,95,1,1,48000.0
277,974,681,172,1,5,62000.0
278,327,579,172,1,3,36000.0
279,529,941,172,1,3,40000.0
280,659,108,209,1,4,56000.0
281,979,163,191,1,4,96000.0
282,493,848,71,1,5,48000.0
283,699,268,73,1,5,129000.0
284,203,108,65,1,4,56000.0
285,488,191,210,1,5,115000.0
286,71,191,210,1,5,105000.0
287,208,268,172,1,3,60000.0
288,62,173,168,1,5,92000.0
289,1005,173,210,1,1,48000.0
290,52,191,189,1,5,115000.0
291,470,173,167,1,4,80000.0
292,1030,191,169,1,4,96000.0
293,562,363,209,1,3,51000.0
294,1016,477,73,1,5,69000.0
295,89,191,172,1,5,115000.0
296,731,246,112,1,5,122000.0
297,158,173,177,1,1,48000.0
298,974,682,172,1,5,62000.0
299,356,173,76,1,5,92000.0
300,523,131,210,1,5,69000.0
301,501,446,104,1,5,131000.0
302,427,597,172,1,1,120000.0
303,71,647,95,1,5,184000.0
304,737,94,210,1,3,81000.0
305,1024,191,189,1,5,115000.0
306,428,268,210,1,1,40000.0
307,26,191,210,1,5,115000.0
308,158,492,95,1,1,39000.0
309,818,159,178,1,4,59000.0
310,654,264,199,1,5,55000.0
311,701,22,168,1,5,62000.0
312,619,191,169,1,1,59000.0
313,158,493,95,1,1,81000.0
314,549,173,172,1,1,48000.0
315,158,584,95,1,5,105000.0
316,286,191,188,1,5,115000.0
317,481,173,172,2,1,0.0
318,934,173,172,1,5,92000.0
319,731,189,112,1,5,55000.0
320,11,189,209,1,5,62000.0
321,835,212,210,1,5,130000.0
322,8,774,112,1,5,49000.0
323,821,903,112,1,5,55000.0
324,551,104,210,1,2,130000.0
325,395,191,112,1,3,73000.0
326,912,123,73,1,5,62000.0
327,958,430,210,1,5,69000.0
328,213,268,172,1,5,129000.0
329,765,535,210,1,5,190000.0
330,685,212,209,1,5,62000.0
331,455,173,210,1,5,72000.0
332,602,268,172,1,5,129000.0
333,371,104,65,1,5,62000.0
334,970,173,137,1,5,92000.0
335,1053,191,65,1,1,59000.0
336,318,94,210,1,3,56000.0
337,238,154,64,1,3,45000.0
338,208,415,172,2,1,0.0
339,737,173,210,1,5,92000.0
340,183,108,47,2,1,0.0
341,271,107,198,1,3,45000.0
342,188,268,172,1,4,92000.0
343,71,652,210,1,5,136000.0
344,274,191,210,1,5,115000.0
345,158,268,95,1,5,129000.0
346,856,446,95,1,5,131000.0
347,1067,191,112,1,5,115000.0
348,828,268,88,1,1,40000.0
349,445,191,209,1,3,73000.0
350,548,610,210,1,5,62000.0
351,975,157,172,1,5,49000.0
352,63,30,210,1,5,69000.0
353,396,44,209,1,3,73000.0
354,303,191,116,1,5,62000.0
355,190,378,186,1,2,102000.0
356,618,118,172,1,3,51000.0
357,3,173,112,1,3,65000.0
358,356,338,64,1,1,31000.0
359,1025,334,89,1,5,56000.0
360,520,714,121,1,5,131000.0
361,55,173,209,1,3,65000.0
362,1015,596,73,1,5,89000.0
363,765,536,210,1,5,190000.0
364,563,268,189,1,4,92000.0
365,629,367,82,1,2,73000.0
366,1032,191,128,1,5,115000.0
367,979,191,191,1,5,115000.0
368,990,191,210,1,5,115000.0
369,625,173,177,1,5,92000.0
370,688,856,210,1,5,69000.0
371,557,268,73,1,5,139000.0
372,1005,189,210,1,5,135000.0
373,728,446,172,1,3,45000.0
374,524,191,73,1,5,115000.0
375,556,1,44,1,5,89000.0
376,149,268,210,1,5,156000.0
377,625,173,177,1,5,92000.0
378,173,356,186,1,1,35000.0
379,179,104,90,1,5,62000.0
380,247,44,172,1,5,110000.0
381,536,191,47,1,3,73000.0
382,927,173,209,1,2,80000.0
383,366,173,169,1,5,92000.0
384,660,446,207,1,5,62000.0
385,473,190,209,1,1,39000.0
386,1066,173,210,1,5,92000.0
387,529,54,172,1,3,40000.0
388,373,271,105,1,4,70000.0
389,112,758,192,1,5,62000.0
390,772,191,209,1,5,130000.0
391,356,190,210,1,5,62000.0
392,185,173,106,1,5,92000.0
393,615,485,210,1,5,100000.0
394,470,177,167,1,3,50000.0
395,930,189,153,1,3,45000.0
396,149,108,210,1,5,172000.0
397,158,212,209,1,4,77000.0
398,529,292,172,1,3,40000.0
399,183,181,47,2,1,0.0
400,146,173,172,1,4,80000.0
401,288,173,172,1,5,92000.0
402,149,446,210,1,5,131000.0
403,637,268,168,1,5,92000.0
404,822,173,90,1,4,80000.0
405,390,173,90,1,1,48000.0
406,544,642,73,1,5,110000.0
407,407,191,172,1,5,107000.0
408,344,446,140,1,5,131000.0
409,1056,191,112,1,5,115000.0
410,850,191,73,1,5,115000.0
411,991,191,63,1,3,73000.0
412,438,503,73,2,1,0.0
413,104,191,210,1,5,199000.0
414,896,158,90,1,5,62000.0
415,458,443,172,1,3,51000.0
416,631,168,172,1,3,51000.0
417,62,191,168,1,1,59000.0
418,685,108,172,1,5,62000.0
419,152,173,47,1,1,48000.0
420,965,191,172,1,3,73000.0
421,11,189,209,1,5,135000.0
422,997,173,73,1,2,80000.0
423,808,447,210,1,5,120000.0
424,821,446,210,1,5,224000.0
425,737,657,82,1,3,51000.0
426,907,191,95,1,5,115000.0
427,327,401,172,1,3,36000.0
428,390,235,90,1,1,39000.0
429,464,770,112,1,5,55000.0
430,880,828,114,1,5,62000.0
431,149,446,210,1,5,142000.0
432,925,580,209,1,1,35000.0
433,104,191,210,1,4,183000.0
434,891,212,152,1,3,77000.0
435,230,192,169,1,4,56000.0
436,529,99,172,1,3,40000.0
437,344,777,210,1,5,164000.0
438,609,446,172,1,5,130000.0
439,254,902,73,1,5,69000.0
440,245,173,122,1,5,92000.0
441,700,717,62,1,5,62000.0
442,550,108,73,1,5,69000.0
443,758,743,210,1,5,174000.0
444,1035,173,172,1,5,92000.0
445,737,640,210,1,5,84000.0
446,919,741,172,1,5,62000.0
447,963,32,210,1,3,56000.0
448,753,191,172,1,5,80000.0
449,85,268,172,1,5,50000.0
450,8,108,140,1,5,62000.0
451,1004,78,112,1,1,35000.0
452,469,268,68,1,3,60000.0
453,215,173,90,1,1,48000.0
454,862,94,167,1,5,55000.0
455,737,180,188,2,1,0.0
456,39,173,90,1,5,92000.0
457,926,268,172,1,3,60000.0
458,174,191,64,1,5,115000.0
459,659,108,209,1,5,62000.0
460,582,108,172,1,5,100000.0
461,985,263,140,1,4,63000.0
462,1067,558,112,1,5,55000.0
463,458,442,172,1,3,45000.0
464,821,840,112,1,5,55000.0
465,802,199,172,1,5,79000.0
466,683,268,209,1,4,92000.0
467,1067,191,210,1,4,96000.0
468,464,429,112,1,5,55000.0
469,199,173,140,1,3,65000.0
470,907,268,95,1,5,50000.0
471,844,516,172,1,5,48000.0
472,202,446,73,1,5,133000.0
473,158,667,95,1,5,62000.0
474,581,108,113,1,4,50000.0
475,1012,274,115,1,1,35000.0
476,1062,191,188,1,3,73000.0
477,223,173,209,1,3,65000.0
478,873,683,188,1,5,48000.0
479,39,446,189,1,5,131000.0
480,831,859,210,1,5,69000.0
481,158,514,95,1,1,39000.0
482,76,748,149,1,5,135000.0
483,750,574,64,1,4,103000.0
484,615,932,210,1,2,81000.0
485,104,446,210,1,5,143000.0
486,416,227,209,1,5,69000.0
487,113,802,73,1,5,69000.0
488,13,268,209,1,5,129000.0
489,718,108,172,1,4,56000.0
490,199,191,73,1,3,73000.0
491,608,425,209,1,3,51000.0
492,990,191,112,1,5,55000.0
493,199,173,140,1,3,65000.0
494,982,612,73,2,1,0.0
495,979,189,95,1,5,135000.0
496,170,824,210,1,1,84000.0
497,754,191,209,1,3,73000.0
498,345,191,137,1,5,115000.0
499,953,437,209,2,1,0.0
500,946,173,90,1,1,48000.0
501,941,817,209,1,3,51000.0
502,198,252,73,2,1,0.0
503,270,268,115,1,3,60000.0
504,652,173,186,1,1,48000.0
505,274,104,112,1,5,55000.0
506,607,446,172,1,4,90000.0
507,757,540,172,1,5,62000.0
508,1033,191,74,1,3,73000.0
509,215,191,90,1,1,59000.0
510,1053,191,28,1,3,73000.0
511,300,191,172,1,3,73000.0
512,992,268,209,1,5,129000.0
513,760,268,172,1,5,129000.0
514,483,843,210,1,5,62000.0
515,409,104,172,1,3,45000.0
516,594,268,189,1,5,129000.0
517,701,21,73,1,5,62000.0
518,158,470,210,2,1,0.0
519,302,268,140,1,3,60000.0
520,953,439,209,1,1,44000.0
521,1012,532,137,1,5,55000.0
522,76,268,34,1,4,175000.0
523,344,268,210,1,5,104000.0
524,314,704,172,1,5,62000.0
525,70,35,172,1,3,45000.0
526,345,191,137,1,5,115000.0
527,158,636,210,1,5,200000.0
528,112,268,112,1,1,40000.0
529,345,345,210,1,1,40000.0
530,158,755,210,1,5,170000.0
531,277,191,172,1,3,73000.0
532,990,375,210,1,2,102000.0
533,873,108,188,1,1,30000.0
534,72,268,73,1,4,92000.0
535,160,446,95,1,5,131000.0
536,27,912,95,1,5,62000.0
537,335,173,47,1,3,65000.0
538,341,191,142,1,5,115000.0
539,246,268,73,1,5,129000.0
540,806,426,172,1,5,176000.0
541,229,161,210,1,1,44000.0
542,992,268,209,1,5,129000.0
543,374,608,144,1,5,69000.0
544,179,213,90,1,1,39000.0
545,494,268,172,1,5,129000.0
546,97,547,172,1,3,40000.0
547,284,283,126,1,4,63000.0
548,737,191,210,1,1,52000.0
549,195,191,112,1,4,96000.0
550,1058,268,209,1,4,56000.0
551,1058,396,209,1,5,62000.0
552,28,191,95,1,5,115000.0
553,344,649,210,1,5,164000.0
554,683,212,209,1,5,77000.0
555,302,446,140,1,3,74000.0
556,358,720,114,1,5,129000.0
557,512,268,212,1,3,60000.0
558,978,738,172,1,5,62000.0
559,760,523,172,1,5,184000.0
560,1038,297,47,1,2,141000.0
561,683,173,209,1,5,92000.0
562,720,173,112,1,5,92000.0
563,701,580,73,1,5,62000.0
564,531,730,210,1,5,135000.0
565,27,268,95,1,5,129000.0
566,978,858,172,1,5,62000.0
567,563,173,189,1,3,65000.0
568,683,529,209,1,5,62000.0
569,1055,173,47,1,5,92000.0
570,430,446,58,1,4,90000.0
571,781,537,210,1,5,283000.0
572,284,108,126,1,3,56000.0
573,850,268,67,1,5,129000.0
574,274,382,210,1,2,81000.0
575,215,173,90,1,1,48000.0
576,1026,268,210,1,4,72000.0
577,309,191,116,1,1,59000.0
578,806,459,209,1,5,200000.0
579,13,191,209,1,5,115000.0
580,732,711,210,1,5,151000.0
581,683,687,209,1,5,62000.0
582,649,96,90,1,1,39000.0
583,358,446,114,1,5,131000.0
584,785,446,208,1,4,90000.0
585,158,587,112,1,1,105000.0
586,287,191,126,1,3,73000.0
587,732,446,210,1,5,151000.0
588,834,268,90,1,1,40000.0
589,710,580,210,1,5,111000.0
590,163,173,210,1,5,92000.0
591,683,212,209,1,5,77000.0
592,314,875,172,1,5,62000.0
593,985,191,73,1,5,115000.0
594,981,191,160,1,5,115000.0
595,358,191,114,1,5,115000.0
596,332,108,95,1,3,51000.0
597,215,173,90,1,1,48000.0
598,701,635,73,1,5,62000.0
599,158,25,210,1,5,150000.0
600,737,191,112,1,5,55000.0
601,374,632,14,1,5,62000.0
602,683,268,209,1,2,92000.0
603,737,191,210,1,3,81000.0
604,514,173,47,1,1,48000.0
605,990,268,210,1,5,129000.0
606,158,599,210,1,5,150000.0
607,737,189,76,1,5,135000.0
608,629,173,82,1,5,92000.0
609,638,39,210,1,5,69000.0
610,986,189,172,1,5,135000.0
611,683,173,209,1,5,92000.0
612,356,179,76,1,5,69000.0
613,985,173,168,1,5,92000.0
614,737,108,210,1,5,69000.0
615,40,173,210,1,5,51000.0
616,429,189,90,1,5,135000.0
617,1057,498,47,1,4,50000.0
618,737,308,210,1,2,130000.0
619,688,446,210,1,5,140000.0
620,173,391,90,1,1,39000.0
621,195,108,113,1,1,35000.0
622,737,173,112,1,5,55000.0
623,220,799,172,1,5,62000.0
624,46,173,198,1,5,92000.0
625,714,446,95,1,5,131000.0
626,9,191,114,1,3,73000.0
627,46,422,198,1,5,48000.0
628,365,191,210,1,5,115000.0
629,786,400,72,1,1,44000.0
630,660,173,189,1,5,92000.0
631,1037,922,210,1,5,62000.0
632,226,880,172,1,5,49000.0
633,252,268,172,1,5,129000.0
634,236,413,153,1,1,35000.0
635,71,108,210,1,5,96000.0
636,508,191,172,1,5,120000.0
637,873,191,188,1,5,48000.0
638,806,44,73,1,5,148000.0
639,452,173,90,1,3,65000.0
640,781,545,210,1,5,283000.0
641,114,191,73,1,3,56000.0
642,71,325,210,1,5,69000.0
643,688,15,210,1,5,204000.0
644,1053,254,152,2,1,0.0
645,904,191,189,1,5,115000.0
646,548,291,210,1,5,69000.0
647,254,899,73,1,5,69000.0
648,638,94,209,1,5,62000.0
649,104,191,112,1,5,115000.0
650,446,549,152,1,1,70000.0
651,979,212,152,1,4,77000.0
652,345,108,209,1,4,56000.0
653,834,144,90,1,1,39000.0
654,737,191,210,1,3,106000.0
655,834,150,90,1,5,62000.0
656,834,145,90,1,1,39000.0
657,475,191,209,1,1,59000.0
658,961,108,209,1,5,96000.0
659,98,268,179,1,5,202000.0
660,785,160,208,1,3,51000.0
661,149,746,210,1,5,142000.0
662,46,173,198,1,5,92000.0
663,781,268,210,1,5,295000.0
664,998,268,172,1,5,200000.0
665,219,268,172,1,5,140000.0
666,834,191,90,1,1,59000.0
667,343,446,191,1,3,74000.0
668,205,768,112,1,3,45000.0
669,821,268,210,1,5,184000.0
670,1056,212,210,1,5,68000.0
671,169,173,200,1,5,52000.0
672,297,173,140,1,5,92000.0
673,834,151,90,1,5,62000.0
674,752,173,90,1,1,48000.0
675,343,268,191,1,3,60000.0
676,46,108,198,1,5,49000.0
677,399,399,172,3,3,51000.0
678,951,104,212,1,5,30000.0
679,781,596,73,1,1,63000.0
680,979,212,82,1,5,77000.0
681,344,650,114,1,5,184000.0
682,737,243,75,1,1,35000.0
683,651,446,172,1,5,131000.0
684,452,173,90,1,3,65000.0
685,834,152,90,1,5,62000.0
686,813,115,131,1,4,50000.0
687,1025,389,95,1,1,39000.0
688,365,173,210,1,5,92000.0
689,769,394,47,1,2,65000.0
690,149,718,210,1,5,142000.0
691,737,420,210,1,5,69000.0
692,781,446,210,1,5,283000.0
693,480,895,172,1,5,195000.0
694,834,143,90,1,1,39000.0
695,23,707,209,1,5,62000.0
696,904,34,90,1,1,39000.0
697,834,146,90,1,1,39000.0
698,633,10,210,1,3,56000.0
699,485,44,210,1,5,170000.0
700,275,773,209,1,5,62000.0
701,555,441,73,1,5,142000.0
702,819,713,172,1,5,145000.0
703,781,582,210,1,5,139000.0
704,781,191,210,1,5,283000.0
705,637,557,111,1,5,50000.0
706,39,191,90,1,5,115000.0
707,956,191,210,1,5,115000.0
708,781,446,210,1,5,267000.0
709,813,239,167,1,4,50000.0
710,661,448,172,1,5,49000.0
711,20,613,210,1,5,110000.0
712,175,210,140,1,3,56000.0
713,622,268,47,1,5,129000.0
714,596,446,144,1,5,125000.0
715,766,191,87,1,2,115000.0
716,781,530,210,1,5,283000.0
717,39,191,90,1,5,115000.0
718,319,94,62,1,3,51000.0
719,821,268,210,1,5,159000.0
720,315,639,103,1,5,55000.0
721,958,855,122,1,5,131000.0
722,226,446,172,1,5,131000.0
723,985,173,210,1,4,80000.0
724,737,108,210,1,2,130000.0
725,149,191,210,1,5,115000.0
726,1038,173,112,1,1,48000.0
727,821,446,112,1,5,131000.0
728,737,268,209,1,1,40000.0
729,243,446,90,1,3,74000.0
730,274,790,210,1,5,69000.0
731,71,909,112,1,4,50000.0
732,29,108,209,1,2,73000.0
733,46,108,198,1,5,55000.0
734,928,190,209,1,3,51000.0
735,71,108,119,1,5,55000.0
736,956,191,210,1,2,200000.0
737,194,134,189,1,4,56000.0
738,224,601,209,1,5,89000.0
739,985,191,210,1,5,115000.0
740,806,268,73,1,5,148000.0
741,1001,191,152,1,5,115000.0
742,821,277,112,1,5,109000.0
743,922,191,47,1,3,73000.0
744,38,857,172,1,5,56000.0
745,985,502,210,1,4,63000.0
746,921,191,172,1,3,73000.0
747,690,274,210,1,5,69000.0
748,274,191,210,1,5,115000.0
749,157,173,209,1,3,51000.0
750,726,268,172,1,3,60000.0
751,8,804,91,1,5,62000.0
752,587,230,169,1,3,51000.0
753,374,380,18,1,2,73000.0
754,781,268,210,1,5,295000.0
755,615,191,210,1,5,115000.0
756,71,64,210,1,5,136000.0
757,781,268,210,1,5,310000.0
758,308,409,95,1,1,39000.0
759,737,191,140,1,5,115000.0
760,27,376,95,1,2,102000.0
761,1002,300,144,1,2,81000.0
762,821,888,73,1,5,89000.0
763,638,94,172,1,5,62000.0
764,149,879,210,1,5,69000.0
765,334,191,172,1,3,73000.0
766,727,173,172,1,5,153000.0
767,288,191,172,1,5,115000.0
768,737,361,116,1,1,39000.0
769,104,359,210,1,2,154000.0
770,27,268,95,1,5,129000.0
771,474,580,137,1,5,55000.0
772,211,191,210,1,5,150000.0
773,528,191,41,1,5,115000.0
774,366,47,64,1,5,110000.0
775,1030,173,130,2,1,0.0
776,71,268,210,1,5,86000.0
777,333,108,95,1,3,51000.0
778,446,566,189,2,1,0.0
779,767,508,167,1,1,70000.0
780,439,191,155,1,3,51000.0
781,900,43,172,1,3,51000.0
782,737,191,210,1,5,115000.0
783,737,191,210,1,2,200000.0
784,376,340,172,1,2,73000.0
785,786,33,72,1,1,44000.0
786,835,762,210,1,5,110000.0
787,242,177,209,1,4,50000.0
788,847,268,168,1,5,129000.0
789,878,173,113,1,3,65000.0
790,737,173,210,1,5,70000.0
791,424,191,3,1,5,131000.0
792,986,273,209,1,4,56000.0
793,46,173,51,1,3,65000.0
794,1059,369,209,1,2,102000.0
795,142,688,177,1,5,62000.0
796,990,539,210,1,5,131000.0
797,990,173,210,1,4,63000.0
798,19,905,90,1,1,39000.0
799,638,173,169,1,5,92000.0
800,782,446,47,1,3,207000.0
801,477,173,172,1,4,80000.0
802,71,654,210,1,5,136000.0
803,531,548,210,1,2,85000.0
804,158,268,169,1,4,92000.0
805,158,518,140,1,5,69000.0
806,448,191,56,1,5,115000.0
807,37,664,115,1,5,97000.0
808,685,625,185,1,5,70000.0
809,589,191,210,1,3,73000.0
810,41,928,189,1,2,73000.0
811,775,745,73,1,5,69000.0
812,296,173,172,1,3,65000.0
813,637,314,210,1,2,66000.0
814,62,268,168,1,4,92000.0
815,597,446,122,2,1,0.0
816,237,173,54,1,5,62000.0
817,703,355,172,1,1,103000.0
818,71,108,210,1,5,79000.0
819,1002,754,144,1,5,89000.0
820,158,26,168,1,5,62000.0
821,257,665,210,1,3,150000.0
822,669,821,210,1,5,200000.0
823,1049,191,73,1,5,115000.0
824,781,805,210,1,5,315000.0
825,403,252,90,2,1,0.0
826,274,104,112,1,5,55000.0
827,652,841,210,1,5,160000.0
828,888,268,168,1,5,129000.0
829,149,446,210,1,5,172000.0
830,560,108,118,1,5,48000.0
831,696,173,112,1,1,48000.0
832,367,173,121,1,5,113000.0
833,75,434,144,1,4,63000.0
834,594,463,189,2,1,0.0
835,158,352,112,1,5,55000.0
836,985,580,210,1,5,69000.0
837,71,107,112,1,5,55000.0
838,1056,268,210,1,5,78000.0
839,503,173,90,1,5,92000.0
840,936,191,172,1,3,73000.0
841,701,419,73,1,2,66000.0
842,862,268,187,1,4,40000.0
843,638,191,112,1,5,115000.0
844,873,268,188,1,5,129000.0
845,568,173,152,1,5,92000.0
846,652,726,104,1,5,55000.0
847,521,191,172,1,5,115000.0
848,356,513,64,1,1,35000.0
849,206,783,209,1,5,142000.0
850,916,268,112,1,5,50000.0
851,757,191,172,1,5,115000.0
852,154,191,172,1,3,73000.0
853,47,173,113,1,5,55000.0
854,454,446,196,1,5,131000.0
855,269,191,169,1,5,115000.0
856,804,189,210,1,3,100000.0
857,792,5,169,1,2,73000.0
858,3,173,112,1,3,65000.0
859,158,104,177,1,1,30000.0
860,781,446,210,1,5,267000.0
861,737,191,75,1,3,73000.0
862,469,104,68,1,5,48000.0
863,174,274,64,1,5,55000.0
864,158,503,210,2,1,0.0
865,711,17,199,1,3,45000.0
866,512,191,212,1,3,73000.0
867,259,432,133,1,5,49000.0
868,158,268,95,1,5,115000.0
869,1036,17,113,1,3,45000.0
870,940,596,73,1,5,151000.0
871,1029,642,172,1,5,110000.0
872,714,108,209,1,5,62000.0
873,356,246,116,1,4,63000.0
874,874,94,105,1,1,39000.0
875,850,191,172,1,5,115000.0
876,660,268,207,1,1,40000.0
877,158,191,177,1,5,115000.0
878,649,191,90,1,1,59000.0
879,62,173,168,1,5,92000.0
880,158,357,209,1,1,39000.0
881,981,223,100,1,4,56000.0
882,814,929,172,1,2,73000.0
883,873,481,188,1,1,30000.0
884,471,268,181,1,2,144000.0
885,1025,446,89,1,5,131000.0
886,688,446,210,1,5,140000.0
887,985,191,210,1,5,115000.0
888,149,686,210,1,5,245000.0
889,374,628,18,1,5,69000.0
890,10,175,172,1,5,62000.0
891,640,596,172,1,3,175000.0
892,391,225,112,1,2,102000.0
893,378,173,210,1,5,119000.0
894,542,191,172,1,5,115000.0
895,847,860,210,1,5,110000.0
896,158,104,95,1,5,62000.0
897,725,173,209,1,3,65000.0
898,249,522,125,1,5,224000.0
899,301,268,172,1,4,92000.0
900,960,446,172,1,5,160000.0
901,71,527,210,1,5,159000.0
902,249,716,125,1,5,189000.0
903,862,838,86,1,1,39000.0
904,149,162,210,1,5,126000.0
905,593,570,189,1,1,63000.0
906,274,173,76,1,5,92000.0
907,814,268,172,1,5,62000.0
908,638,108,210,1,3,60000.0
909,671,173,166,1,3,65000.0
910,566,108,73,1,1,44000.0
911,253,268,210,1,5,129000.0
912,196,268,172,1,4,92000.0
913,286,933,188,1,1,30000.0
914,71,70,210,1,5,136000.0
915,990,308,112,1,2,65000.0
916,623,760,147,1,5,69000.0
917,1008,749,73,1,5,69000.0
918,356,512,64,1,1,35000.0
919,760,580,172,1,5,63000.0
920,35,108,76,1,5,69000.0
921,158,360,95,1,5,62000.0
922,755,191,90,1,5,115000.0
923,990,191,112,1,5,115000.0
924,541,189,199,1,3,135000.0
925,1053,253,152,2,1,0.0
926,990,268,112,1,5,129000.0
927,185,694,108,1,5,55000.0
928,985,173,168,1,1,48000.0
929,255,173,10,1,4,105000.0
930,557,268,148,1,5,139000.0
931,815,441,210,1,5,62000.0
932,291,191,105,1,1,59000.0
933,520,714,144,1,5,131000.0
934,459,191,172,1,3,73000.0
935,783,108,172,1,5,62000.0
936,517,191,182,1,5,90000.0
937,990,191,112,1,2,200000.0
938,59,108,27,1,4,56000.0
939,284,191,126,1,4,96000.0
940,391,173,112,1,5,92000.0
941,366,173,169,1,5,92000.0
942,472,268,164,1,5,129000.0
943,523,921,172,1,5,62000.0
944,158,20,95,1,1,39000.0
945,378,268,23,1,5,182000.0
946,1021,904,90,1,1,39000.0
947,896,455,210,1,5,69000.0
948,597,446,122,1,5,131000.0
949,597,474,209,1,5,62000.0
950,638,165,210,1,1,44000.0
951,947,742,172,1,5,150000.0
952,951,268,212,1,4,92000.0
953,896,191,210,1,5,115000.0
954,821,889,210,1,5,159000.0
955,185,37,60,1,5,55000.0
956,183,865,47,1,5,184000.0
957,373,271,105,1,5,70000.0
958,180,191,172,1,5,115000.0
959,638,268,168,1,1,40000.0
960,187,486,144,1,5,69000.0
961,910,268,209,1,3,60000.0
962,71,65,210,1,5,136000.0
963,765,757,210,1,5,157000.0
964,1012,626,137,1,1,35000.0
965,990,191,112,1,5,115000.0
966,688,594,210,1,5,156000.0
967,863,173,172,1,5,110000.0
968,632,832,210,1,5,69000.0
969,623,23,172,1,5,105000.0
970,847,894,210,1,5,214000.0
971,990,191,112,1,5,115000.0
972,158,268,95,1,5,129000.0
973,737,108,210,1,3,56000.0
974,363,268,73,1,5,129000.0
975,597,268,122,1,5,129000.0
976,202,268,73,1,5,167000.0
977,57,191,69,1,5,115000.0
978,633,173,210,1,3,65000.0
979,4,268,210,1,5,62000.0
980,385,28,172,1,4,56000.0
981,598,268,85,1,3,60000.0
982,232,173,189,1,3,65000.0
983,595,268,172,1,5,167000.0
984,513,173,172,1,3,65000.0
985,190,191,113,1,5,115000.0
986,404,867,209,1,5,173000.0
987,166,147,90,1,1,39000.0
988,278,191,112,1,3,73000.0
989,737,191,75,1,5,115000.0
990,165,173,172,1,5,92000.0
991,750,446,172,1,3,74000.0
992,985,173,168,1,1,48000.0
993,821,846,210,1,5,184000.0
994,116,191,209,1,5,115000.0
995,797,173,73,1,5,92000.0
996,317,213,168,1,5,62000.0
997,737,173,75,1,5,92000.0
998,796,191,90,1,3,73000.0
999,166,107,90,1,5,92000.0
1000,737,471,112,1,3,45000.0
1001,578,191,172,1,4,96000.0
1002,546,104,112,1,5,49000.0
1003,609,886,172,1,5,80000.0
1004,737,173,73,1,5,92000.0
1005,851,173,129,1,3,65000.0
1006,985,190,210,1,5,69000.0
1007,884,48,209,1,5,110000.0
1008,151,191,172,1,5,72000.0
1009,782,446,210,1,3,200000.0
1010,792,6,169,1,2,73000.0
1011,385,29,73,1,5,69000.0
1012,62,268,168,1,4,92000.0
1013,944,369,172,1,2,102000.0
1014,158,940,212,1,1,35000.0
1015,200,191,209,1,5,115000.0
1016,656,173,188,1,1,30000.0
1017,491,441,64,1,3,40000.0
1018,821,844,112,1,5,55000.0
1019,266,173,90,1,1,48000.0
1020,178,268,189,1,5,129000.0
1021,445,173,209,1,3,65000.0
1022,518,191,191,1,1,59000.0
1023,638,201,112,1,5,115000.0
1024,158,104,95,1,1,39000.0
1025,149,784,210,1,5,156000.0
1026,559,108,172,1,5,62000.0
1027,33,268,172,1,5,129000.0
1028,172,104,192,1,4,30000.0
1029,404,866,73,1,5,173000.0
1030,291,702,105,1,5,62000.0
1031,737,268,210,1,5,70000.0
1032,1056,173,210,1,5,78000.0
1033,1005,173,170,1,1,48000.0
1034,202,431,73,1,5,167000.0
1035,440,17,172,1,1,35000.0
1036,810,87,144,1,3,56000.0
1037,1073,277,172,1,4,120000.0
1038,664,189,126,1,5,135000.0
1039,285,642,112,1,5,110000.0
1040,233,191,209,1,3,73000.0
1041,284,191,126,1,5,115000.0
1042,586,268,189,1,5,36000.0
1043,514,301,47,1,2,65000.0
1044,28,108,95,1,5,62000.0
1045,210,173,207,1,1,48000.0
1046,251,191,64,1,1,59000.0
1047,71,191,210,1,5,115000.0
1048,968,446,85,1,5,131000.0
1049,862,94,167,1,5,55000.0
1050,870,16,172,1,4,56000.0
1051,158,94,112,1,5,55000.0
1052,558,191,186,1,5,115000.0
1053,954,268,172,1,5,167000.0
1054,246,268,9,1,5,190000.0
1055,472,104,164,1,4,70000.0
1056,790,268,210,1,4,92000.0
1057,136,191,172,1,5,115000.0
1058,262,191,172,1,3,60000.0
1059,361,268,209,1,3,42000.0
1060,1050,847,112,1,5,55000.0
1061,635,446,209,1,5,131000.0
1062,778,268,210,1,5,129000.0
1063,803,327,73,1,5,119000.0
1064,835,173,210,1,1,105000.0
1065,1071,322,210,1,3,63000.0
1066,558,191,104,1,4,96000.0
1067,664,191,209,1,4,96000.0
1068,13,268,209,1,5,129000.0
1069,504,172,172,1,5,110000.0
1070,990,268,112,1,5,129000.0
1071,803,328,73,1,5,119000.0
1072,394,212,73,1,5,69000.0
1073,948,446,172,1,5,150000.0
1074,901,111,64,3,3,40000.0
1075,535,568,172,1,3,45000.0
1076,226,796,172,1,5,62000.0
1077,37,663,172,1,5,97000.0
1078,967,173,97,1,3,65000.0
1079,687,268,115,1,5,129000.0
1080,848,191,209,1,5,115000.0
1081,828,268,59,2,1,0.0
1082,148,930,172,1,2,200000.0
1083,149,108,73,1,4,63000.0
1084,374,764,18,1,5,69000.0
1085,1038,191,112,1,1,59000.0
1086,275,191,90,1,5,115000.0
1087,71,66,210,1,5,136000.0
1088,1028,446,97,1,3,74000.0
1089,337,424,148,1,5,69000.0
1090,295,446,73,1,5,148000.0
1091,94,108,172,1,2,130000.0
1092,182,938,99,1,1,103000.0
1093,224,450,209,2,1,0.0
1094,776,173,194,1,5,92000.0
1095,328,75,187,1,5,69000.0
1096,1069,642,172,1,5,110000.0
1097,472,108,164,1,3,45000.0
1098,318,268,62,1,5,129000.0
1099,726,191,172,1,3,73000.0
1100,102,108,164,1,1,35000.0
1101,1046,446,172,1,3,74000.0
1102,932,892,210,1,5,69000.0
1103,840,173,115,1,5,92000.0
1104,201,793,172,1,5,112000.0
1105,893,446,172,1,5,131000.0
1106,208,318,189,1,3,51000.0
1107,189,173,172,2,1,0.0
1108,587,108,169,1,3,51000.0
1109,749,173,172,1,3,65000.0
1110,621,446,47,1,5,55000.0
1111,694,191,193,1,5,115000.0
1112,143,435,172,1,3,77000.0
1113,250,268,172,1,5,124000.0
1114,328,73,187,1,5,69000.0
1115,285,191,112,1,5,110000.0
1116,71,184,33,1,5,130000.0
1117,226,268,172,1,5,140000.0
1118,650,789,7,1,5,167000.0
1119,295,446,73,1,5,148000.0
1120,328,71,187,1,5,69000.0
1121,51,191,210,1,5,185000.0
1122,328,13,187,1,5,69000.0
1123,984,598,115,2,1,0.0
1124,821,884,210,1,5,69000.0
1125,158,191,169,1,4,96000.0
1126,1012,697,137,1,5,55000.0
1127,622,268,47,1,5,129000.0
1128,737,268,210,1,5,129000.0
1129,1071,173,210,1,1,48000.0
1130,737,935,210,1,2,81000.0
1131,356,191,64,1,1,59000.0
1132,737,40,210,1,4,52000.0
1133,1025,333,89,1,5,62000.0
1134,536,173,47,1,1,48000.0
1135,737,85,210,1,3,106000.0
1136,732,191,172,1,5,147000.0
1137,19,191,144,1,1,59000.0
1138,628,191,97,1,5,115000.0
1139,1050,798,112,1,5,55000.0
1140,291,191,105,1,5,115000.0
1141,627,203,82,1,1,39000.0
1142,737,212,209,1,5,77000.0
1143,737,299,210,1,2,81000.0
1144,680,44,210,1,1,84000.0
1145,160,446,95,1,5,131000.0
1146,737,189,210,1,5,135000.0
1147,737,191,112,1,5,55000.0
1148,629,908,77,1,1,39000.0
1149,985,173,140,1,5,92000.0
1150,149,268,73,1,5,129000.0
1151,548,167,210,1,5,62000.0
1152,767,268,210,1,5,167000.0
1153,536,191,47,1,1,59000.0
1154,158,108,209,1,1,39000.0
1155,683,268,209,1,2,92000.0
1156,702,173,172,1,3,100000.0
1157,573,351,73,1,5,69000.0
1158,13,268,209,1,5,129000.0
1159,254,446,73,1,5,144000.0
1160,693,173,92,2,1,0.0
1161,862,191,48,1,5,115000.0
1162,378,173,209,1,5,122000.0
1163,990,108,75,1,5,55000.0
1164,81,464,197,2,1,0.0
1165,1055,173,47,1,1,48000.0
1166,707,887,172,1,5,105000.0
1167,358,719,73,1,5,129000.0
1168,737,191,210,1,2,130000.0
1169,154,173,172,1,1,48000.0
1170,794,268,209,1,3,60000.0
1171,107,191,172,1,5,80000.0
1172,358,191,73,1,5,115000.0
1173,557,268,148,1,5,139000.0
1174,400,173,172,1,3,40000.0
1175,174,190,189,1,5,55000.0
1176,573,289,73,1,5,69000.0
1177,451,173,190,1,3,65000.0
1178,1067,191,210,1,5,115000.0
1179,185,278,106,1,5,55000.0
1180,149,829,210,1,1,129000.0
1181,820,173,198,1,5,92000.0
1182,245,939,122,1,5,70000.0
1183,737,108,210,1,4,81000.0
1184,1017,418,86,1,1,70000.0
1185,547,446,73,1,5,131000.0
1186,393,767,73,1,5,100000.0
1187,696,191,112,1,5,115000.0
1188,130,191,90,1,5,115000.0
1189,737,108,210,1,1,44000.0
1190,163,108,210,1,5,69000.0
1191,200,173,209,1,5,92000.0
1192,834,258,209,1,1,144000.0
1193,214,330,172,1,2,66000.0
1194,1039,191,152,1,3,73000.0
1195,59,173,49,1,3,65000.0
1196,378,324,209,1,4,167000.0
1197,463,164,73,1,5,70000.0
1198,1008,735,172,1,5,62000.0
1199,985,580,210,1,5,69000.0
1200,626,446,155,2,1,0.0
1201,461,79,90,1,1,39000.0
1202,299,268,105,1,5,129000.0
1203,1055,173,47,1,5,92000.0
1204,514,173,47,1,1,48000.0
1205,349,807,126,1,5,36000.0
1206,721,191,172,1,5,62000.0
1207,533,446,159,1,5,69000.0
1208,890,813,112,1,5,55000.0
1209,914,446,172,1,3,74000.0
1210,329,191,112,1,3,73000.0
1211,168,27,209,1,5,62000.0
1212,954,268,172,1,5,146000.0
1213,638,93,210,1,1,48000.0
1214,149,268,140,1,5,129000.0
1215,374,632,14,1,5,62000.0
1216,433,173,172,1,5,92000.0
1217,774,397,186,1,5,55000.0
1218,158,383,112,1,5,55000.0
1219,552,446,168,1,3,74000.0
1220,130,269,90,1,4,70000.0
1221,265,173,112,1,1,48000.0
1222,668,173,47,1,1,48000.0
1223,7,191,172,1,4,96000.0
1224,341,173,172,1,1,39000.0
1225,306,435,210,1,5,131000.0
1226,888,268,172,1,5,129000.0
1227,480,222,172,1,5,129000.0
1228,685,212,209,1,5,77000.0
1229,307,108,35,1,5,142000.0
1230,143,237,172,1,3,40000.0
1231,917,446,168,1,5,131000.0
1232,737,189,75,1,5,135000.0
1233,624,672,73,1,3,56000.0
1234,28,259,95,1,5,144000.0
1235,1000,446,164,1,5,131000.0
1236,599,191,116,1,4,103000.0
1237,872,191,172,1,5,165000.0
1238,314,191,172,1,5,115000.0
1239,559,268,172,1,4,92000.0
1240,81,173,197,2,1,0.0
1241,829,191,90,1,5,115000.0
1242,560,217,121,1,4,39000.0
1243,358,446,73,1,5,131000.0
1244,862,92,96,1,1,48000.0
1245,638,82,210,1,3,120000.0
1246,196,173,73,1,5,92000.0
1247,643,268,172,1,3,60000.0
1248,737,191,210,1,5,129000.0
1249,546,281,172,1,5,49000.0
1250,914,268,172,1,3,60000.0
1251,362,446,172,1,5,62000.0
1252,688,446,210,1,5,166000.0
1253,475,191,209,1,5,115000.0
1254,14,95,112,1,5,55000.0
1255,990,107,210,1,5,69000.0
1256,624,191,73,1,3,73000.0
1257,130,191,90,1,1,59000.0
1258,873,484,188,1,1,30000.0
1259,737,480,210,1,2,81000.0
1260,673,268,172,1,5,90000.0
1261,737,191,210,1,3,106000.0
1262,248,191,112,1,5,115000.0
1263,451,173,190,1,3,65000.0
1264,791,173,210,1,5,75000.0
1265,355,94,210,1,3,56000.0
1266,753,173,172,1,5,75000.0
1267,841,191,47,1,3,73000.0
1268,284,191,126,1,5,115000.0
1269,846,637,172,1,5,110000.0
1270,71,572,210,1,4,63000.0
1271,15,191,95,1,5,62000.0
1272,15,191,95,1,5,62000.0
1273,733,268,172,1,3,60000.0
1274,1019,896,210,1,5,163000.0
1275,716,642,191,1,5,110000.0
1276,59,173,141,1,4,80000.0
1277,163,108,210,1,5,69000.0
1278,372,446,172,2,1,0.0
1279,610,668,119,1,5,55000.0
1280,732,268,73,1,5,129000.0
1281,106,191,172,1,3,73000.0
1282,740,173,172,1,5,92000.0
1283,365,108,210,1,4,96000.0
1284,16,108,210,1,5,69000.0
1285,184,189,210,1,5,135000.0
1286,1050,268,210,2,1,0.0
1287,158,268,95,1,5,92000.0
1288,784,191,188,1,3,73000.0
1289,345,268,210,1,1,44000.0
1290,955,398,140,1,5,70000.0
1291,584,268,90,1,1,40000.0
1292,638,173,112,1,5,92000.0
1293,170,565,210,1,3,100000.0
1294,1023,191,172,1,5,193000.0
1295,558,268,105,1,5,129000.0
1296,984,212,73,1,4,109000.0
1297,149,446,210,1,5,131000.0
1298,1068,268,209,1,3,60000.0
1299,544,173,167,1,5,92000.0
1300,229,520,210,1,1,44000.0
1301,108,268,73,1,3,60000.0
1302,660,173,207,1,1,48000.0
1303,781,446,210,1,5,218000.0
1304,106,268,172,1,3,60000.0
1305,200,191,209,1,5,62000.0
1306,638,732,137,1,5,55000.0
1307,330,872,172,1,5,180000.0
1308,139,191,209,1,3,73000.0
1309,71,525,210,1,5,159000.0
1310,51,191,172,1,5,200000.0
1311,8,191,177,1,5,115000.0
1312,635,377,73,1,2,230000.0
1313,1056,499,112,1,5,55000.0
1314,444,264,115,1,5,55000.0
1315,713,446,172,1,5,131000.0
1316,876,268,210,1,1,40000.0
1317,768,198,172,1,1,40000.0
1318,638,94,210,1,5,69000.0
1319,391,379,112,1,2,102000.0
1320,1070,350,192,1,4,51000.0
1321,468,446,172,1,3,40000.0
1322,79,191,163,1,5,115000.0
1323,584,191,90,1,4,96000.0
1324,985,191,151,1,5,115000.0
1325,184,189,210,1,5,135000.0
1326,873,268,188,1,1,40000.0
1327,572,173,172,1,3,65000.0
1328,173,634,210,1,1,85000.0
1329,110,898,210,1,5,168000.0
1330,954,268,172,1,5,134000.0
1331,639,187,47,1,5,55000.0
1332,1056,191,79,1,5,115000.0
1333,638,108,210,1,3,60000.0
1334,194,349,189,1,5,62000.0
1335,488,191,210,1,5,115000.0
1336,981,229,109,1,4,50000.0
1337,149,191,210,1,5,115000.0
1338,414,108,73,1,3,56000.0
1339,245,633,122,1,4,50000.0
1340,656,191,188,1,4,96000.0
1341,1012,173,115,1,5,50000.0
1342,669,822,210,1,5,69000.0
1343,311,173,136,1,1,48000.0
1344,769,394,47,1,2,65000.0
1345,130,173,90,1,1,48000.0
1346,71,325,210,1,5,69000.0
1347,737,94,210,1,5,69000.0
1348,737,191,210,1,5,115000.0
1349,149,746,210,1,5,142000.0
1350,584,104,90,1,5,62000.0
1351,149,446,210,2,1,0.0
1352,456,268,172,1,3,60000.0
1353,71,268,177,1,5,129000.0
1354,442,189,172,1,5,135000.0
1355,689,173,114,1,4,80000.0
1356,685,212,105,1,1,39000.0
1357,983,104,210,1,5,145000.0
1358,745,63,210,1,5,133000.0
1359,177,191,29,1,5,225000.0
1360,669,823,210,1,5,69000.0
1361,615,268,210,1,2,185000.0
1362,990,191,112,1,5,55000.0
1363,557,268,79,1,5,129000.0
1364,1038,173,112,1,1,48000.0
1365,994,191,115,1,3,103000.0
1366,176,395,90,1,5,60000.0
1367,368,173,209,2,1,0.0
1368,598,191,85,1,3,73000.0
1369,367,173,75,1,5,113000.0
1370,90,240,172,1,1,50000.0
1371,53,268,5,1,5,184000.0
1372,211,107,210,1,5,70000.0
1373,881,853,172,1,5,147000.0
1374,947,467,172,1,5,129000.0
1375,916,108,112,1,5,55000.0
1376,254,900,73,1,5,193000.0
1377,919,191,172,1,3,73000.0
1378,821,446,112,1,5,131000.0
1379,71,108,210,1,5,104000.0
1380,313,108,209,1,3,51000.0
1381,71,173,119,1,5,92000.0
1382,235,580,172,1,3,51000.0
1383,1018,519,209,1,3,51000.0
1384,990,258,64,1,5,144000.0
1385,781,268,210,1,5,253000.0
1386,538,108,154,1,5,69000.0
1387,625,293,95,1,5,110000.0
1388,985,191,209,1,5,115000.0
1389,149,173,210,1,5,85000.0
1390,638,108,210,1,1,44000.0
1391,61,191,179,1,5,115000.0
1392,897,268,73,1,5,129000.0
1393,997,173,73,1,4,80000.0
1394,319,276,172,1,3,45000.0
1395,19,191,144,1,1,59000.0
1396,341,268,172,1,5,129000.0
1397,990,191,112,1,5,115000.0
1398,274,268,112,1,5,55000.0
1399,158,611,168,1,4,56000.0
1400,39,191,152,1,5,62000.0
1401,564,231,90,1,1,39000.0
1402,692,72,112,1,5,55000.0
1403,274,191,112,1,4,96000.0
1404,760,647,172,1,5,184000.0
1405,149,268,47,1,5,129000.0
1406,158,2,95,1,5,105000.0
1407,860,268,140,1,5,129000.0
1408,127,102,73,1,1,44000.0
1409,881,173,172,1,5,83000.0
1410,324,441,115,1,3,45000.0
1411,509,732,148,1,5,235000.0
1412,612,191,172,1,5,62000.0
1413,584,191,90,1,4,96000.0
1414,901,112,172,3,3,45000.0
1415,823,173,172,1,5,75000.0
1416,374,446,210,1,5,69000.0
1417,474,189,73,1,5,135000.0
1418,387,331,110,1,5,55000.0
1419,18,446,172,1,5,175000.0
1420,862,126,187,1,4,56000.0
1421,985,580,186,1,5,55000.0
1422,256,173,97,2,1,0.0
1423,883,173,73,1,5,110000.0
1424,999,659,210,1,5,135000.0
1425,416,220,209,1,5,69000.0
1426,19,191,144,1,4,96000.0
1427,174,190,64,1,5,55000.0
1428,47,173,113,1,5,55000.0
1429,981,678,201,1,5,62000.0
1430,363,268,73,1,5,129000.0
1431,478,191,172,1,3,103000.0
1432,714,446,73,1,5,127000.0
1433,985,580,209,1,4,56000.0
1434,71,67,210,1,5,136000.0
1435,66,268,209,1,5,129000.0
1436,315,191,172,1,5,115000.0
1437,449,282,112,1,5,55000.0
1438,990,732,167,1,5,55000.0
1439,124,191,186,1,3,73000.0
1440,862,125,187,1,4,56000.0
1441,970,268,137,1,5,129000.0
1442,76,268,172,1,5,175000.0
1443,366,108,64,1,5,55000.0
1444,977,129,115,1,3,30000.0
1445,714,446,73,1,5,127000.0
1446,149,747,210,1,5,142000.0
1447,275,772,32,1,5,187000.0
1448,846,864,73,1,5,160000.0
1449,967,446,62,1,3,74000.0
1450,739,268,79,1,5,129000.0
1451,635,446,73,1,5,227000.0
1452,66,268,209,1,4,92000.0
1453,638,173,112,1,5,92000.0
1454,880,446,172,1,5,131000.0
1455,907,506,95,1,5,62000.0
1456,345,108,209,1,2,73000.0
1457,477,268,112,1,5,129000.0
1458,950,191,172,1,5,103000.0
1459,320,108,186,1,5,55000.0
1460,688,446,210,1,5,166000.0
1461,682,173,188,1,5,92000.0
1462,875,478,210,1,3,51000.0
1463,61,268,179,1,5,129000.0
1464,800,712,169,1,5,131000.0
1465,153,191,73,1,5,144000.0
1466,200,268,209,1,5,129000.0
1467,844,104,112,1,5,30000.0
1468,546,737,172,1,5,160000.0
1469,881,402,172,2,1,0.0
1470,880,878,206,1,5,131000.0
1471,1050,446,112,1,5,115000.0
1472,904,137,90,1,1,39000.0
1473,737,173,212,1,1,48000.0
1474,540,446,112,1,5,131000.0
1475,192,249,209,1,3,51000.0
1476,1011,186,189,1,4,56000.0
1477,320,309,186,1,2,65000.0
1478,1025,173,95,1,5,92000.0
1479,904,917,90,1,4,56000.0
1480,387,258,110,1,4,144000.0
1481,25,173,73,1,3,65000.0
1482,665,17,152,1,3,51000.0
1483,1074,173,68,1,4,80000.0
1484,757,191,172,1,5,115000.0
1485,887,901,210,1,5,69000.0
1486,970,268,137,1,5,129000.0
1487,880,268,172,1,5,129000.0
1488,924,381,90,1,2,73000.0
1489,130,191,209,1,5,115000.0
1490,692,17,112,1,5,55000.0
1491,100,446,210,1,3,74000.0
1492,720,854,73,1,5,129000.0
1493,344,441,209,1,4,56000.0
1494,158,55,212,1,1,35000.0
1495,221,719,198,1,5,129000.0
1496,801,268,17,1,1,40000.0
1497,71,808,95,1,5,62000.0
1498,912,411,115,1,1,70000.0
1499,413,907,172,1,1,35000.0
1500,321,441,172,1,5,62000.0
1501,990,173,210,1,4,63000.0
1502,736,446,172,1,5,145000.0
1503,149,709,210,1,5,142000.0
1504,158,617,105,1,4,56000.0
1505,836,191,208,1,3,73000.0
1506,50,53,172,1,5,62000.0
1507,652,173,186,1,5,92000.0
1508,964,200,90,1,2,73000.0
1509,1016,477,73,1,4,63000.0
1510,833,173,90,1,1,48000.0
1511,4,191,114,1,5,115000.0
1512,158,191,212,1,3,73000.0
1513,824,191,26,1,3,73000.0
1514,990,268,210,1,5,129000.0
1515,786,191,72,1,5,73000.0
1516,652,173,186,1,5,92000.0
1517,436,268,64,1,5,129000.0
1518,356,173,76,1,5,92000.0
1519,765,811,176,1,5,62000.0
1520,859,173,210,1,5,92000.0
1521,831,645,210,1,5,110000.0
1522,54,248,183,1,2,65000.0
1523,765,769,161,1,5,62000.0
1524,50,98,172,1,5,62000.0
1525,319,108,189,1,3,51000.0
1526,502,580,112,1,3,45000.0
1527,50,268,172,1,5,129000.0
1528,706,662,95,1,5,62000.0
1529,344,651,210,1,5,184000.0
1530,439,362,112,1,3,45000.0
1531,862,127,187,1,4,56000.0
1532,619,191,169,1,1,59000.0
1533,561,446,189,1,3,74000.0
1534,50,444,172,1,5,62000.0
1535,130,173,90,1,1,39000.0
1536,899,173,47,1,1,48000.0
1537,744,173,104,1,1,48000.0
1538,706,100,46,1,1,31000.0
1539,824,446,26,1,3,74000.0
1540,588,61,73,1,3,61000.0
1541,380,268,172,1,5,129000.0
1542,623,760,93,1,5,69000.0
1543,722,268,153,1,3,60000.0
1544,155,169,137,1,2,65000.0
1545,704,606,56,1,5,55000.0
1546,50,24,172,1,5,89000.0
1547,418,891,172,1,5,131000.0
1548,623,446,172,1,5,131000.0
1549,521,191,172,1,5,115000.0
1550,521,191,172,1,5,115000.0
1551,98,191,179,1,4,171000.0
1552,217,191,64,1,4,96000.0
1553,1022,104,208,1,5,62000.0
1554,289,173,168,2,1,0.0
1555,615,233,210,1,4,70000.0
1556,737,173,189,1,2,80000.0
1557,133,255,135,2,1,0.0
1558,292,268,25,1,5,129000.0
1559,346,173,172,1,1,48000.0
1560,144,173,123,1,5,92000.0
1561,880,446,31,1,5,131000.0
1562,195,191,112,1,1,59000.0
1563,561,124,189,1,3,51000.0
1564,820,191,198,1,5,115000.0
1565,970,268,137,1,5,129000.0
1566,254,792,73,1,5,234000.0
1567,331,191,115,1,5,115000.0
1568,737,268,189,2,1,0.0
1569,764,105,126,1,5,69000.0
1570,1050,329,112,1,5,55000.0
1571,158,173,212,1,5,92000.0
1572,24,94,112,1,4,50000.0
1573,847,108,210,1,4,63000.0
1574,886,851,73,1,5,166000.0
1575,854,191,209,3,3,73000.0
1576,187,173,144,1,5,69000.0
1577,209,189,210,1,5,69000.0
1578,284,191,27,1,5,115000.0
1579,764,191,126,1,5,115000.0
1580,254,446,73,1,5,163000.0
1581,239,191,174,1,5,115000.0
1582,979,108,95,1,1,39000.0
1583,979,191,82,1,5,115000.0
1584,764,268,142,1,5,129000.0
1585,830,488,197,1,5,55000.0
1586,737,189,112,1,5,135000.0
1587,109,191,61,1,1,59000.0
1588,1009,268,73,1,5,129000.0
1589,480,268,172,1,5,166000.0
1590,898,174,172,1,5,62000.0
1591,158,90,112,1,5,55000.0
1592,254,646,73,1,5,163000.0
1593,970,268,137,1,4,92000.0
1594,575,428,167,1,5,69000.0
1595,460,268,202,1,3,60000.0
1596,462,191,97,1,3,30000.0
1597,195,191,112,1,5,115000.0
1598,411,191,190,1,3,73000.0
1599,254,446,73,1,5,193000.0
1600,982,614,73,1,5,69000.0
1601,696,191,112,1,5,115000.0
1602,669,590,210,1,5,245000.0
1603,592,191,73,1,5,108000.0
1604,820,766,51,1,5,55000.0
1605,886,191,209,1,5,151000.0
1606,64,212,168,1,3,51000.0
1607,981,173,132,1,5,92000.0
1608,178,342,62,1,5,62000.0
1609,331,191,115,1,5,115000.0
1610,548,925,172,1,5,56000.0
1611,848,310,209,1,2,73000.0
1612,245,173,122,1,5,92000.0
1613,820,751,51,1,5,55000.0
1614,854,191,209,1,3,103000.0
1615,490,676,209,1,3,45000.0
1616,813,244,167,1,1,35000.0
1617,424,744,3,1,5,131000.0
1618,773,212,122,1,4,77000.0
1619,71,133,210,1,5,69000.0
1620,734,191,112,1,3,73000.0
1621,374,9,144,1,5,69000.0
1622,158,587,112,1,5,105000.0
1623,1012,268,115,1,5,129000.0
1624,737,173,112,1,5,92000.0
1625,904,191,90,1,1,59000.0
1626,985,191,210,1,5,115000.0
1627,27,191,95,1,1,59000.0
1628,179,268,90,1,1,40000.0
1629,990,268,210,1,5,129000.0
1630,22,191,90,1,4,96000.0
1631,339,212,154,1,1,77000.0
1632,985,593,210,1,1,105000.0
1633,22,189,90,1,5,62000.0
1634,638,754,112,1,5,89000.0
1635,737,272,212,1,4,50000.0
1636,386,195,210,1,4,76000.0
1637,737,189,112,1,3,135000.0
1638,990,727,210,1,5,69000.0
1639,1050,191,112,1,5,115000.0
1640,173,268,209,1,5,129000.0
1641,27,298,95,1,2,141000.0
1642,27,376,95,1,2,102000.0
1643,1056,170,112,1,5,63000.0
1644,1019,191,210,1,5,155000.0
1645,158,705,95,1,5,62000.0
1646,1056,916,112,1,5,55000.0
1647,397,173,112,1,1,48000.0
1648,537,191,152,1,5,115000.0
1649,905,446,172,1,5,131000.0
1650,552,191,168,1,3,73000.0
1651,160,446,95,1,5,131000.0
1652,669,603,210,1,5,200000.0
1653,1,108,172,1,2,183000.0
1654,964,353,90,1,4,56000.0
1655,117,268,64,1,3,60000.0
1656,44,191,209,1,5,115000.0
1657,737,191,210,1,1,52000.0
1658,607,173,172,1,5,92000.0
1659,949,191,180,1,5,115000.0
1660,138,232,168,1,5,62000.0
1661,548,923,172,1,5,56000.0
1662,658,173,210,1,1,48000.0
1663,737,189,112,1,1,135000.0
1664,1012,697,137,1,5,55000.0
1665,1056,501,112,1,5,55000.0
1666,737,191,210,1,3,81000.0
1667,355,321,210,1,3,63000.0
1668,449,189,76,1,5,135000.0
1669,117,228,64,1,4,50000.0
1670,746,268,112,1,5,129000.0
1671,149,260,210,1,5,245000.0
1672,1071,268,210,1,5,129000.0
1673,691,897,172,1,5,189000.0
1674,1056,571,112,1,5,55000.0
1675,158,385,168,1,5,62000.0
1676,13,268,73,1,5,131000.0
1677,660,173,207,1,4,56000.0
1678,185,189,205,1,5,135000.0
1679,117,191,64,1,5,115000.0
1680,714,643,73,1,5,147000.0
1681,353,101,86,1,5,62000.0
1682,117,94,64,1,5,55000.0
1683,158,384,168,1,5,62000.0
1684,645,108,210,1,5,170000.0
1685,1043,552,172,1,4,56000.0
1686,203,173,207,1,5,92000.0
1687,880,261,172,1,4,144000.0
1688,981,135,117,1,5,49000.0
1689,737,191,90,1,1,59000.0
1690,834,731,47,1,5,49000.0
1691,645,191,210,1,5,130000.0
1692,449,191,76,1,5,115000.0
1693,544,642,209,1,5,110000.0
1694,8,108,177,1,5,62000.0
1695,590,876,163,1,5,131000.0
1696,737,40,210,1,4,52000.0
1697,737,935,210,1,4,159000.0
1698,141,191,104,1,5,115000.0
1699,86,268,90,1,4,92000.0
1700,160,7,95,1,5,62000.0
1701,149,191,210,1,5,142000.0
1702,149,268,210,1,5,129000.0
1703,234,191,172,1,3,73000.0
1704,183,446,47,1,5,131000.0
1705,71,108,210,1,5,79000.0
1706,134,642,172,1,5,151000.0
1707,506,554,172,1,1,39000.0
1708,869,191,209,1,5,115000.0
1709,853,173,90,1,1,48000.0
1710,216,445,112,1,3,45000.0
1711,735,252,81,2,1,0.0
1712,283,191,90,2,1,0.0
1713,791,173,167,1,1,48000.0
1714,202,173,15,1,5,119000.0
1715,875,692,210,1,5,69000.0
1716,869,919,112,1,5,49000.0
1717,173,390,158,1,1,35000.0
1718,613,173,56,1,3,65000.0
1719,880,173,83,1,5,92000.0
1720,149,446,210,1,5,142000.0
1721,315,639,172,1,5,49000.0
1722,1050,191,112,1,5,115000.0
1723,1012,627,137,1,1,35000.0
1724,419,890,172,1,5,62000.0
1725,117,173,64,1,4,80000.0
1726,544,937,153,1,5,70000.0
1727,688,696,210,1,5,119000.0
1728,149,268,140,1,5,129000.0
1729,570,173,97,1,1,48000.0
1730,356,238,209,1,5,62000.0
1731,363,108,121,1,5,147000.0
1732,330,446,172,1,5,160000.0
1733,128,191,113,1,5,115000.0
1734,737,191,210,1,2,130000.0
1735,138,84,210,1,3,56000.0
1736,46,189,53,1,5,135000.0
1737,686,173,172,1,3,65000.0
1738,1061,173,116,1,3,65000.0
1739,130,269,90,1,5,70000.0
1740,601,173,211,1,3,65000.0
1741,880,173,112,1,5,55000.0
1742,985,268,168,1,4,92000.0
1743,714,642,73,1,5,147000.0
1744,1075,191,113,2,1,0.0
1745,117,191,64,1,5,115000.0
1746,338,173,172,1,5,140000.0
1747,1067,191,210,1,5,115000.0
1748,869,191,209,1,5,115000.0
1749,962,759,209,1,5,105000.0
1750,852,191,168,1,5,62000.0
1751,680,44,210,1,5,84000.0
1752,932,446,112,1,5,55000.0
1753,535,108,172,1,3,40000.0
1754,168,27,94,1,5,125000.0
1755,737,308,210,1,2,130000.0
1756,936,268,210,1,3,40000.0
1757,479,785,172,1,5,175000.0
1758,511,189,212,1,5,135000.0
1759,674,446,97,1,3,74000.0
1760,219,268,172,1,5,129000.0
1761,811,191,210,1,5,115000.0
1762,522,122,73,2,1,0.0
1763,1048,268,209,1,3,60000.0
1764,736,818,112,1,5,55000.0
1765,272,156,172,1,5,56000.0
1766,649,173,90,1,1,39000.0
1767,765,173,213,1,5,92000.0
1768,15,915,95,1,5,62000.0
1769,97,191,172,1,3,73000.0
1770,630,873,197,1,5,49000.0
1771,274,104,112,1,5,55000.0
1772,597,268,122,1,5,129000.0
1773,880,446,172,1,5,131000.0
1774,43,862,172,1,5,56000.0
1775,333,108,116,1,1,39000.0
1776,27,268,95,1,5,144000.0
1777,345,837,210,1,1,39000.0
1778,27,268,95,1,5,129000.0
1779,985,191,210,1,5,115000.0
1780,840,173,115,1,4,50000.0
1781,426,191,165,1,5,115000.0
1782,425,642,210,1,5,110000.0
1783,68,191,172,1,5,103000.0
1784,71,562,210,1,5,69000.0
1785,615,191,210,1,2,200000.0
1786,763,108,175,1,3,45000.0
1787,84,173,98,1,5,55000.0
1788,97,191,172,1,3,73000.0
1789,31,173,95,1,5,92000.0
1790,583,268,73,2,1,0.0
1791,450,173,210,1,1,48000.0
1792,345,191,152,1,1,59000.0
1793,1067,212,112,1,5,77000.0
1794,240,446,56,1,4,90000.0
1795,515,191,27,1,3,56000.0
1796,880,268,172,1,5,129000.0
1797,71,108,210,1,5,104000.0
1798,929,191,42,1,5,115000.0
1799,885,108,95,1,4,56000.0
1800,279,119,172,1,4,56000.0
1801,58,173,210,1,3,60000.0
1802,1019,896,210,1,5,163000.0
1803,498,191,188,1,1,59000.0
1804,40,191,172,1,1,71000.0
1805,97,191,172,1,3,73000.0
1806,103,173,172,1,3,65000.0
1807,820,511,51,1,4,50000.0
1808,1070,173,192,1,1,35000.0
1809,806,191,172,1,5,115000.0
1810,352,268,172,1,5,129000.0
1811,806,128,172,1,5,62000.0
1812,290,268,22,1,4,125000.0
1813,120,191,210,1,1,59000.0
1814,737,173,90,1,1,48000.0
1815,27,268,44,1,5,129000.0
1816,178,268,189,1,5,129000.0
1817,796,191,192,1,3,73000.0
1818,911,560,55,1,5,62000.0
1819,577,693,210,1,2,73000.0
1820,970,173,137,1,5,92000.0
1821,804,189,172,1,3,90000.0
1822,767,173,210,1,5,94000.0
1823,771,189,210,1,1,135000.0
1824,688,226,112,1,5,55000.0
1825,158,236,116,2,1,0.0
1826,366,677,64,1,5,55000.0
1827,466,446,210,1,5,175000.0
1828,767,644,210,1,5,159000.0
1829,342,446,112,1,5,131000.0
1830,27,268,44,1,1,40000.0
1831,17,914,191,1,5,62000.0
1832,345,191,114,1,1,59000.0
1833,986,173,172,1,5,92000.0
1834,977,120,209,1,3,30000.0
1835,1047,268,172,1,5,129000.0
1836,680,173,210,1,5,81000.0
1837,22,341,90,1,5,62000.0
1838,1070,719,192,1,5,129000.0
1839,375,268,172,1,5,140000.0
1840,904,147,90,1,5,62000.0
1841,374,287,18,1,5,31000.0
1842,151,191,172,1,3,60000.0
1843,356,348,76,1,5,69000.0
1844,158,268,140,1,1,103000.0
1845,873,487,188,1,2,57000.0
1846,712,446,172,1,5,131000.0
1847,619,490,169,1,1,39000.0
1848,194,778,189,1,5,62000.0
1849,13,268,209,1,5,129000.0
1850,71,108,119,1,5,55000.0
1851,947,722,169,1,5,129000.0
1852,747,621,73,1,5,69000.0
1853,275,268,210,1,5,187000.0
1854,1012,173,115,1,5,50000.0
1855,990,191,112,1,5,115000.0
1856,1058,396,209,1,5,62000.0
1857,71,69,210,1,5,136000.0
1858,985,191,168,1,1,59000.0
1859,993,173,97,1,3,65000.0
1860,96,280,210,1,5,69000.0
1861,1056,918,172,1,5,113000.0
1862,95,44,138,1,5,110000.0
1863,245,173,122,1,5,92000.0
1864,213,173,172,1,4,80000.0
1865,316,24,165,1,5,197000.0
1866,394,88,73,1,3,102000.0
1867,38,173,207,1,4,80000.0
1868,1014,191,172,1,5,115000.0
1869,71,526,210,1,5,159000.0
1870,383,739,172,1,3,140000.0
1871,71,108,119,1,5,55000.0
1872,820,809,51,1,3,45000.0
1873,426,173,126,1,5,92000.0
1874,181,44,172,1,5,105000.0
1875,484,19,172,1,3,51000.0
1876,12,268,112,1,5,129000.0
1877,1056,191,210,1,5,78000.0
1878,312,45,172,1,5,82000.0
1879,798,212,210,1,3,77000.0
1880,158,611,168,1,5,62000.0
1881,834,446,152,1,1,30000.0
1882,645,268,8,1,5,160000.0
1883,1060,446,47,1,5,131000.0
1884,158,583,95,1,5,105000.0
1885,579,268,112,1,5,129000.0
1886,444,94,115,1,5,55000.0
1887,852,191,168,1,5,62000.0
1888,737,294,75,1,1,70000.0
1889,780,303,4,1,2,81000.0
1890,158,585,95,1,5,105000.0
1891,422,173,172,1,5,92000.0
1892,983,268,210,1,5,160000.0
1893,1071,320,210,1,5,62000.0
1894,449,213,73,1,5,135000.0
1895,1051,771,73,1,5,69000.0
1896,158,56,64,1,4,50000.0
1897,97,191,172,1,3,73000.0
1898,325,173,198,1,3,65000.0
1899,580,212,146,1,5,77000.0
1900,336,435,172,1,5,131000.0
1901,712,268,172,1,5,129000.0
1902,21,94,210,1,3,56000.0
1903,38,173,207,1,3,65000.0
1904,837,268,97,1,3,60000.0
1905,83,674,209,1,5,110000.0
1906,485,332,114,1,5,62000.0
1907,990,191,112,1,5,55000.0
1908,17,173,191,1,1,48000.0
1909,164,920,209,1,3,51000.0
1910,1063,191,172,1,5,115000.0
1911,584,268,90,1,4,92000.0
1912,947,467,144,1,5,170000.0
1913,685,212,172,1,4,56000.0
1914,895,191,192,1,4,96000.0
1915,451,268,190,1,3,60000.0
1916,600,191,148,1,5,115000.0
1917,795,173,90,2,1,0.0
1918,158,695,168,1,5,62000.0
1919,616,191,126,1,5,115000.0
1920,579,268,112,1,5,129000.0
1921,652,679,186,1,5,55000.0
1922,474,641,137,1,5,55000.0
1923,1058,268,209,1,5,62000.0
1924,97,191,172,1,3,73000.0
1925,883,173,148,1,5,110000.0
1926,712,830,172,1,5,62000.0
1927,436,868,64,1,5,55000.0
1928,947,466,20,1,5,129000.0
1929,812,347,172,1,1,70000.0
1930,986,189,172,1,5,135000.0
1931,901,113,172,1,3,40000.0
1932,880,827,73,1,5,69000.0
1933,737,173,137,1,1,48000.0
1934,862,416,97,1,1,39000.0
1935,792,268,112,1,5,129000.0
1936,34,173,90,1,3,73000.0
1937,714,173,209,1,5,92000.0
1938,737,189,210,1,5,135000.0
1939,990,104,210,1,5,69000.0
1940,487,173,210,1,5,92000.0
1941,498,94,188,1,1,30000.0
1942,968,191,85,1,5,115000.0
1943,516,458,97,1,2,73000.0
1944,305,725,90,1,5,62000.0
1945,73,268,112,1,1,40000.0
1946,706,708,46,1,5,49000.0
1947,1040,191,172,1,5,115000.0
1948,709,173,86,1,1,48000.0
1949,737,935,210,1,2,81000.0
1950,916,268,112,1,3,60000.0
1951,443,173,210,1,4,80000.0
1952,411,569,190,1,3,73000.0
1953,455,224,210,1,5,50000.0
1954,984,555,115,1,5,55000.0
1955,737,173,137,1,2,80000.0
1956,315,212,80,1,5,77000.0
1957,131,191,142,1,3,73000.0
1958,71,62,210,1,5,136000.0
1959,796,191,192,1,3,73000.0
1960,629,268,82,1,4,92000.0
1961,329,191,97,1,3,73000.0
1962,737,173,137,1,1,48000.0
1963,809,546,210,1,5,69000.0
1964,90,241,172,1,5,70000.0
1965,737,268,210,1,5,129000.0
1966,615,559,210,2,1,0.0
1967,615,242,210,2,1,0.0
1968,1070,191,192,1,5,115000.0
1969,91,268,95,1,3,60000.0
1970,149,191,210,1,5,129000.0
1971,848,642,172,1,5,110000.0
1972,149,446,210,1,5,172000.0
1973,908,191,112,1,5,115000.0
1974,51,268,210,1,5,185000.0
1975,364,173,47,1,5,92000.0
1976,849,173,209,1,3,65000.0
1977,986,173,209,1,5,92000.0
1978,1012,173,115,1,5,92000.0
1979,322,205,139,2,1,0.0
1980,486,94,209,1,3,51000.0
1981,174,190,64,1,5,55000.0
1982,228,173,168,1,1,48000.0
1983,737,299,210,1,2,81000.0
1984,6,268,172,1,3,60000.0
1985,803,794,73,1,5,177000.0
1986,356,337,64,1,1,31000.0
1987,329,173,209,1,3,65000.0
1988,744,52,210,1,3,56000.0
1989,519,305,212,1,2,65000.0
1990,145,91,62,1,3,73000.0
1991,195,268,113,1,5,129000.0
1992,321,906,172,1,3,40000.0
1993,604,446,97,1,3,74000.0
1994,299,268,105,1,5,129000.0
1995,60,211,195,1,3,56000.0
1996,737,191,210,1,5,115000.0
1997,1056,108,185,1,5,62000.0
1998,410,58,172,1,5,62000.0
1999,71,849,210,1,5,104000.0
2000,681,173,209,1,3,50000.0
2001,527,173,209,1,1,48000.0
2002,737,173,137,1,4,80000.0
2003,802,782,172,1,5,156000.0
2004,990,268,168,1,5,129000.0
2005,820,372,51,1,2,102000.0
2006,156,446,61,1,1,30000.0
2007,71,108,210,1,5,79000.0
2008,615,173,210,1,5,70000.0
2009,241,446,172,1,5,160000.0
2010,996,228,90,1,5,62000.0
2011,344,776,210,1,5,164000.0
2012,460,173,202,1,5,92000.0
2013,423,268,172,1,5,119000.0
2014,757,528,126,1,5,69000.0
2015,894,446,56,1,5,131000.0
2016,51,699,172,1,5,235000.0
2017,46,104,51,1,5,49000.0
2018,158,89,112,1,5,55000.0
2019,133,268,172,1,5,129000.0
2020,515,94,172,1,5,62000.0
2021,785,339,208,1,4,56000.0
2022,46,173,52,1,5,30000.0
2023,158,191,95,1,5,115000.0
2024,457,834,209,1,5,70000.0
2025,652,173,104,1,5,92000.0
2026,43,108,172,1,5,108000.0
2027,685,212,185,1,1,39000.0
2028,995,173,172,1,1,48000.0
2029,737,935,210,1,2,130000.0
2030,32,178,90,1,4,103000.0
2031,245,173,122,1,5,92000.0
2032,778,247,210,1,1,30000.0
2033,986,284,209,1,5,62000.0
2034,250,659,172,1,5,93000.0
2035,315,191,172,1,5,115000.0
2036,159,423,210,1,2,73000.0
2037,708,191,148,1,5,115000.0
2038,158,214,95,1,5,62000.0
2039,159,189,210,1,3,135000.0
2040,492,800,73,1,3,130000.0
2041,1051,17,73,1,5,100000.0
2042,158,173,185,1,4,80000.0
2043,68,173,172,1,5,75000.0
2044,374,935,18,1,5,69000.0
2045,45,173,62,1,3,65000.0
2046,660,173,153,1,5,92000.0
2047,13,191,209,1,5,115000.0
2048,778,580,210,1,5,69000.0
2049,581,108,113,2,1,0.0
2050,71,108,210,1,5,79000.0
2051,696,436,112,1,5,131000.0
2052,737,173,119,1,5,92000.0
2053,340,267,172,2,1,0.0
2054,778,189,210,1,5,135000.0
2055,136,935,143,1,2,81000.0
2056,489,788,210,1,5,156000.0
2057,778,191,210,1,4,96000.0
2058,374,304,18,1,2,81000.0
2059,679,191,209,1,3,73000.0
2060,1051,173,73,1,5,92000.0
2061,133,94,134,1,5,69000.0
2062,150,173,209,1,1,48000.0
2063,199,173,140,1,3,65000.0
2064,697,191,172,1,5,115000.0
2065,162,781,70,1,5,170000.0
2066,843,114,64,1,1,35000.0
2067,894,173,56,1,5,92000.0
2068,619,173,169,1,5,92000.0
2069,737,364,186,1,1,35000.0
2070,71,850,210,1,5,104000.0
2071,778,189,210,1,5,135000.0
2072,142,31,189,1,5,62000.0
2073,657,185,45,1,3,45000.0
2074,662,94,172,1,3,51000.0
2075,511,189,212,1,5,135000.0
2076,96,567,210,1,5,69000.0
2077,947,446,144,1,5,170000.0
2078,1051,17,112,1,5,55000.0
2079,129,412,134,1,1,44000.0
2080,877,191,112,1,5,115000.0
2081,967,268,189,1,3,60000.0
2082,923,191,209,1,3,73000.0
2083,778,173,210,1,1,48000.0
2084,1000,446,164,1,3,74000.0
2085,282,592,207,1,5,105000.0
2086,731,176,112,1,5,49000.0
2087,571,782,172,1,5,62000.0
2088,245,191,122,1,5,115000.0
2089,651,191,172,1,5,115000.0
2090,74,852,210,1,5,202000.0
2091,282,603,207,1,5,89000.0
2092,204,446,101,1,5,190000.0
2093,637,433,73,1,1,44000.0
2094,534,173,172,1,3,55000.0
2095,873,250,188,1,1,30000.0
2096,110,882,210,1,5,189000.0
2097,1051,173,84,1,5,92000.0
2098,71,572,210,1,5,73000.0
2099,18,780,172,1,5,175000.0
2100,936,268,210,1,3,60000.0
2101,276,136,95,1,1,39000.0
2102,663,189,210,1,3,115000.0
2103,5,108,188,1,3,39000.0
2104,912,736,209,1,5,140000.0
2105,1054,189,209,1,5,135000.0
2106,341,173,172,1,5,92000.0
2107,927,173,209,1,3,65000.0
2108,485,881,114,1,5,129000.0
2109,226,580,172,1,5,153000.0
2110,159,108,210,1,5,62000.0
2111,71,108,210,1,5,104000.0
2112,1031,201,210,1,5,121000.0
2113,972,374,144,1,2,81000.0
2114,13,191,209,1,2,200000.0
2115,502,580,210,1,3,56000.0
2116,847,544,210,1,5,69000.0
2117,453,191,144,1,5,115000.0
2118,1027,191,148,1,5,115000.0
2119,669,14,210,1,5,200000.0
2120,185,3,43,1,5,62000.0
2121,13,191,209,1,5,115000.0
2122,1025,268,95,1,5,129000.0
2123,737,173,210,1,5,92000.0
2124,729,407,210,1,4,90000.0
2125,797,734,73,1,5,69000.0
2126,683,268,156,1,4,90000.0
2127,1050,814,210,1,5,156000.0
2128,904,140,90,1,5,62000.0
2129,659,173,139,1,1,42000.0
2130,737,561,209,1,2,70000.0
2131,683,268,209,1,2,90000.0
2132,862,580,172,1,1,45000.0
2133,943,268,209,1,2,90000.0
2134,1012,191,210,2,1,0.0
2135,638,623,209,1,4,56000.0
2136,149,446,210,1,5,142000.0
2137,904,191,90,1,5,115000.0
2138,737,173,47,1,1,42000.0
2139,563,173,189,1,3,62000.0
2140,62,173,168,1,4,75000.0
2141,737,482,210,1,5,69000.0
2142,904,191,90,1,5,62000.0
2143,132,191,210,1,5,115000.0
2144,215,173,90,1,1,42000.0
2145,344,446,210,1,5,184000.0
2146,709,173,162,1,4,56000.0
2147,614,173,116,1,3,62000.0
2148,321,191,172,1,3,73000.0
2149,573,288,73,1,5,69000.0
2150,715,173,172,1,5,92000.0
2151,515,258,172,1,3,144000.0
2152,28,213,95,1,5,62000.0
2153,158,365,105,1,4,56000.0
2154,606,191,95,1,5,115000.0
2155,989,441,172,1,5,62000.0
2156,348,268,209,1,2,90000.0
2157,515,191,94,1,5,69000.0
2158,990,354,47,1,1,35000.0
2159,892,173,185,1,5,92000.0
2160,149,285,210,1,5,129000.0
2161,724,208,210,1,3,56000.0
2162,142,191,48,1,5,115000.0
2163,788,262,198,1,3,45000.0
2164,942,44,209,1,5,110000.0
2165,110,703,210,1,5,152000.0
2166,11,173,209,1,4,75000.0
2167,438,387,73,2,1,0.0
2168,149,446,210,1,5,142000.0
2169,344,885,210,1,5,172000.0
2170,511,189,212,1,5,135000.0
2171,283,191,90,2,1,0.0
2172,614,173,116,1,3,62000.0
2173,958,595,122,2,1,0.0
2174,949,191,172,1,5,115000.0
2175,158,191,169,1,5,115000.0
2176,606,191,95,1,5,115000.0
2177,71,107,209,1,5,62000.0
2178,274,222,76,1,4,63000.0
2179,360,173,95,1,5,92000.0
2180,676,191,172,1,3,161000.0
2181,258,108,114,1,4,56000.0
2182,788,191,198,1,5,115000.0
2183,638,446,112,1,5,131000.0
2184,40,191,172,1,5,68000.0
2185,1007,108,121,1,5,48000.0
2186,614,173,116,1,5,92000.0
2187,622,446,47,1,1,30000.0
2188,27,191,95,1,1,59000.0
2189,942,173,209,1,1,39000.0
2190,1056,500,112,1,5,55000.0
2191,62,173,168,1,5,92000.0
2192,839,408,203,1,5,90000.0
2193,431,191,209,1,3,103000.0
2194,200,268,209,1,5,129000.0
2195,832,268,188,1,5,129000.0
2196,122,191,210,1,5,115000.0
2197,597,268,210,1,5,142000.0
2198,988,191,172,1,5,115000.0
2199,789,669,126,1,5,30000.0
2200,873,12,188,1,1,30000.0
2201,515,268,172,1,5,155000.0
2202,1070,173,192,1,1,42000.0
2203,782,173,47,1,3,142000.0
2204,1072,495,82,1,5,62000.0
2205,606,191,95,1,5,115000.0
2206,356,190,210,1,5,62000.0
2207,194,446,210,1,5,150000.0
2208,791,212,62,1,1,77000.0
2209,171,44,168,1,4,103000.0
2210,821,104,210,1,5,152000.0
2211,438,578,73,2,1,0.0
2212,366,194,12,1,5,55000.0
2213,502,580,210,1,3,56000.0
2214,614,173,172,1,5,92000.0
2215,638,191,112,1,5,115000.0
2216,540,446,172,1,5,131000.0
2217,614,173,172,1,5,92000.0
2218,638,706,209,1,1,39000.0
2219,1014,268,172,1,5,129000.0
2220,614,268,116,1,3,55000.0
2221,785,927,208,1,4,56000.0
2222,723,208,210,1,3,56000.0
2223,942,173,209,1,5,92000.0
2224,614,173,116,1,4,75000.0
2225,618,86,172,1,3,140000.0
2226,969,189,57,1,5,55000.0
2227,614,191,116,1,3,73000.0
2228,761,451,73,2,1,0.0
2229,291,191,105,1,1,59000.0
2230,989,268,95,1,5,129000.0
2231,1070,173,192,1,1,42000.0
2232,714,446,172,1,5,182000.0
2233,737,108,112,1,5,55000.0
2234,563,173,95,1,5,92000.0
2235,600,698,172,1,5,62000.0
2236,360,173,189,1,5,92000.0
2237,614,173,116,1,5,92000.0
2238,788,268,198,1,4,90000.0
2239,614,173,116,1,5,92000.0
2240,1055,173,47,1,1,42000.0
2241,832,268,188,1,5,129000.0
2242,802,191,172,1,5,132000.0
2243,832,173,188,1,3,62000.0
2244,614,191,116,1,5,115000.0
2245,71,108,210,1,5,79000.0
2246,321,446,172,1,3,74000.0
2247,158,588,210,1,4,125000.0
2248,126,173,97,1,1,42000.0
2249,591,173,84,1,5,92000.0
2250,32,49,209,1,4,103000.0
2251,163,191,210,1,5,115000.0
2252,314,704,172,1,5,165000.0
2253,274,191,76,1,5,115000.0
2254,715,268,172,1,5,129000.0
2255,606,191,95,1,5,115000.0
2256,174,268,64,1,5,129000.0
2257,989,268,172,1,5,129000.0
2258,715,191,172,1,5,115000.0
2259,954,421,172,1,5,134000.0
2260,366,191,169,1,1,59000.0
2261,832,446,188,1,5,131000.0
2262,167,234,209,1,3,51000.0
2263,1064,173,172,1,5,92000.0
2264,360,173,95,1,5,92000.0
2265,71,191,210,1,5,115000.0
2266,323,335,210,1,5,126000.0
2267,173,392,85,1,1,35000.0
2268,314,875,172,1,5,183000.0
2269,737,191,210,1,5,115000.0
2270,149,268,210,1,5,129000.0
2271,647,456,21,1,5,69000.0
2272,209,191,210,1,5,115000.0
2273,685,212,172,1,5,77000.0
2274,821,393,112,1,2,65000.0
2275,675,212,209,1,3,55000.0
2276,761,130,73,2,1,0.0
2277,39,268,90,1,1,39000.0
2278,174,190,64,1,5,55000.0
2279,191,44,13,1,5,110000.0
2280,990,863,112,1,5,55000.0
2281,657,446,210,1,3,74000.0
2282,882,268,172,1,5,129000.0
2283,163,191,210,1,5,115000.0
2284,698,475,148,1,5,138000.0
2285,601,446,172,1,3,74000.0
2286,357,191,186,1,5,115000.0
2287,13,268,210,1,3,79000.0
2288,218,661,172,1,3,51000.0
2289,227,701,148,1,5,196000.0
2290,785,497,208,1,5,131000.0
2291,212,373,172,1,2,102000.0
2292,990,191,112,1,5,115000.0
2293,39,191,90,1,5,115000.0
2294,683,446,209,1,5,131000.0
2295,76,108,172,1,5,62000.0
2296,785,624,208,1,4,56000.0
2297,807,191,210,1,5,205000.0
2298,426,446,165,1,4,90000.0
2299,166,153,90,1,4,56000.0
2300,222,191,172,1,5,56000.0
2301,832,50,188,1,5,110000.0
2302,119,689,62,1,5,62000.0
2303,41,913,37,1,5,62000.0
2304,785,446,172,1,5,131000.0
2305,828,268,172,1,1,39000.0
2306,744,108,45,1,1,35000.0
2307,518,191,191,1,1,59000.0
2308,401,173,172,1,3,62000.0
2309,268,191,111,1,5,115000.0
2310,389,733,210,1,5,153000.0
2311,92,191,210,1,3,73000.0
2312,392,189,209,1,3,65000.0
2313,39,191,95,1,5,115000.0
2314,338,173,172,1,5,140000.0
2315,525,62,172,1,3,70000.0
2316,698,81,148,1,3,112000.0
2317,381,446,172,1,4,150000.0
2318,497,191,145,1,5,115000.0
2319,193,268,210,1,5,178000.0
2320,283,173,90,2,1,0.0
2321,4,191,210,1,5,115000.0
2322,121,173,90,1,5,92000.0
2323,158,191,169,1,5,115000.0
2324,39,173,189,1,5,92000.0
2325,183,446,47,1,5,131000.0
2326,799,926,90,1,1,39000.0
2327,830,116,95,1,4,56000.0
2328,186,417,210,1,1,125000.0
2329,51,446,210,1,5,185000.0
2330,976,173,209,1,1,42000.0
2331,936,191,30,1,3,73000.0
2332,990,268,119,1,5,129000.0
2333,619,104,169,1,5,30000.0
2334,737,108,112,1,5,55000.0
2335,158,191,169,1,5,115000.0
2336,985,580,140,1,5,69000.0
2337,547,446,73,1,5,131000.0
2338,1002,268,144,1,5,129000.0
2339,709,256,86,1,5,62000.0
2340,1056,42,112,1,1,35000.0
2341,850,268,66,1,5,140000.0
2342,17,191,191,1,5,115000.0
2343,82,268,191,1,3,55000.0
2344,401,806,172,1,3,77000.0
2345,850,268,66,1,5,197000.0
2346,737,370,209,1,2,102000.0
2347,511,17,212,1,5,55000.0
2348,285,173,112,1,5,92000.0
2349,997,189,73,1,5,135000.0
2350,936,268,172,1,3,55000.0
2351,970,173,137,1,1,42000.0
2352,433,173,107,1,5,92000.0
2353,737,173,90,1,1,42000.0
2354,1067,191,210,1,5,115000.0
2355,1067,483,112,1,5,55000.0
2356,904,148,90,1,1,39000.0
2357,158,173,212,1,1,42000.0
2358,985,108,210,1,5,69000.0
2359,355,107,210,1,3,56000.0
2360,71,618,210,1,5,148000.0
2361,421,94,127,1,5,55000.0
2362,1042,268,172,1,5,95000.0
2363,605,658,172,1,5,168000.0
2364,147,191,172,1,5,115000.0
2365,853,173,90,1,1,42000.0
2366,576,504,73,1,3,56000.0
2367,174,190,64,1,4,50000.0
2368,193,268,210,1,5,148000.0
2369,130,269,90,1,5,70000.0
2370,146,191,172,1,3,73000.0
2371,1050,191,112,1,5,115000.0
2372,476,191,90,1,1,59000.0
2373,737,551,210,1,2,81000.0
2374,1056,171,112,1,4,50000.0
2375,274,191,76,1,1,59000.0
2376,356,173,76,1,5,92000.0
2377,326,191,210,1,3,73000.0
2378,344,819,210,1,5,142000.0
2379,304,216,172,1,3,45000.0
2380,820,173,51,1,5,92000.0
2381,382,268,192,1,1,39000.0
2382,258,108,114,1,3,51000.0
2383,619,173,169,1,1,42000.0
2384,4,191,210,1,5,115000.0
2385,487,386,172,2,1,0.0
2386,866,173,172,1,5,92000.0
2387,374,286,18,1,5,69000.0
2388,871,173,73,1,5,92000.0
2389,356,268,210,1,5,129000.0
2390,27,268,95,1,5,144000.0
2391,684,719,209,1,5,129000.0
2392,820,446,198,1,5,131000.0
2393,71,655,73,1,5,136000.0
2394,499,76,172,1,3,33000.0
2395,38,191,112,1,5,115000.0
2396,1056,499,112,1,5,55000.0
2397,653,756,210,1,3,100000.0
2398,474,189,209,1,5,135000.0
2399,1041,642,172,1,3,54000.0
2400,173,502,210,1,1,44000.0
2401,117,268,148,1,3,55000.0
2402,737,268,90,1,5,129000.0
2403,345,837,210,1,1,39000.0
2404,185,191,205,1,5,115000.0
2405,820,277,51,1,5,55000.0
2406,896,191,210,1,5,115000.0
2407,657,191,45,1,3,45000.0
2408,820,173,51,1,5,92000.0
2409,821,833,210,1,5,98000.0
2410,904,142,90,1,1,39000.0
2411,936,517,210,1,3,56000.0
2412,366,677,12,1,5,55000.0
2413,1049,108,73,1,5,69000.0
2414,778,446,210,1,5,131000.0
2415,465,173,209,1,1,42000.0
2416,868,191,172,1,5,115000.0
2417,896,441,210,1,5,56000.0
2418,846,60,73,1,5,89000.0
2419,638,414,167,1,1,35000.0
2420,1025,173,95,1,5,92000.0
2421,356,191,209,1,5,115000.0
2422,1060,446,47,1,5,131000.0
2423,850,44,209,1,5,110000.0
2424,888,173,115,1,5,30000.0
2425,477,268,112,1,3,55000.0
2426,916,108,112,1,5,55000.0
2427,540,17,172,1,3,51000.0
2428,791,173,152,1,1,42000.0
2429,834,191,152,1,1,39000.0
2430,936,268,172,1,3,55000.0
2431,135,191,115,1,5,141000.0
2432,178,108,62,1,5,62000.0
2433,1075,108,113,1,5,55000.0
2434,327,191,172,1,3,73000.0
2435,967,108,62,1,3,51000.0
2436,27,446,95,1,5,131000.0
2437,192,740,209,1,3,51000.0
2438,770,108,172,1,5,97000.0
2439,49,191,172,1,5,103000.0
2440,648,446,64,1,5,131000.0
2441,100,108,172,1,2,73000.0
2442,964,173,152,1,5,92000.0
2443,880,815,172,1,5,62000.0
2444,574,839,204,1,5,62000.0
2445,308,191,115,1,5,115000.0
2446,634,403,172,2,1,0.0
2447,149,108,210,1,5,110000.0
2448,887,189,210,1,5,135000.0
2449,667,196,112,1,5,55000.0
2450,741,268,172,1,3,55000.0
2451,820,268,51,1,5,129000.0
2452,12,173,172,1,5,92000.0
2453,638,108,64,1,5,55000.0
2454,137,580,40,1,1,42000.0
2455,307,465,36,1,5,129000.0
2456,567,132,214,1,5,62000.0
2457,503,191,140,1,4,95000.0
2458,352,268,172,1,5,129000.0
2459,356,173,209,1,5,92000.0
2460,569,108,198,1,5,55000.0
2461,834,268,152,1,5,129000.0
2462,157,173,209,1,3,62000.0
2463,632,388,210,1,3,65000.0
2464,985,173,140,1,4,75000.0
2465,947,191,90,1,4,95000.0
2466,657,191,210,1,3,56000.0
2467,834,684,152,1,5,122000.0
2468,437,366,191,1,2,73000.0
2469,490,108,209,1,3,45000.0
2470,254,797,209,1,5,69000.0
2471,638,165,210,1,1,44000.0
2472,366,446,169,1,5,131000.0
2473,638,108,210,1,1,39000.0
2474,333,108,95,1,5,62000.0
2475,333,108,116,1,1,39000.0
2476,113,936,168,1,5,62000.0
2477,41,279,37,1,5,62000.0
2478,1065,268,97,1,3,55000.0
2479,402,173,172,1,2,75000.0
2480,71,108,210,1,5,79000.0
2481,904,191,189,1,5,115000.0
2482,602,173,209,1,5,55000.0
2483,25,190,172,1,4,56000.0
2484,916,268,112,1,5,50000.0
2485,889,268,210,1,5,129000.0
2486,820,265,51,1,5,55000.0
2487,655,660,97,1,3,48000.0
2488,548,191,210,1,5,30000.0
2489,820,752,51,1,5,55000.0
2490,21,94,210,1,3,56000.0
2491,149,173,210,1,5,110000.0
2492,307,173,2,1,5,72000.0
2493,655,108,97,1,3,51000.0
2494,646,596,141,1,5,90000.0
2495,657,564,210,1,3,56000.0
2496,737,173,210,1,5,92000.0
2497,1049,791,73,1,5,205000.0
2498,426,268,165,1,3,55000.0
2499,605,226,210,1,5,113000.0
2500,987,675,194,1,5,55000.0
2501,820,573,51,1,4,50000.0
2502,543,870,210,1,5,127000.0
2503,71,524,210,1,5,159000.0
2504,359,191,209,1,1,59000.0
2505,820,173,51,1,5,92000.0
2506,194,893,95,1,5,62000.0
2507,883,108,210,1,1,125000.0
2508,49,191,172,1,5,115000.0
2509,417,446,73,1,5,131000.0
2510,793,108,73,1,5,69000.0
2511,820,173,51,1,5,92000.0
2512,408,173,212,2,1,0.0
2513,158,820,105,1,4,56000.0
2514,820,751,51,1,5,55000.0
2515,442,173,126,1,5,92000.0
2516,71,653,210,1,5,136000.0
2517,356,268,209,1,5,129000.0
2518,104,533,112,1,5,55000.0
2519,631,446,210,1,3,74000.0
2520,130,306,210,1,2,180000.0
2521,638,336,210,1,1,48000.0
2522,719,173,172,1,5,92000.0
2523,432,108,210,1,5,62000.0
2524,333,108,95,1,5,62000.0
2525,677,108,209,1,5,69000.0
2526,173,446,210,1,1,30000.0
2527,770,108,172,1,3,85000.0
2528,834,489,152,1,2,73000.0
2529,135,108,115,1,5,141000.0
2530,820,173,51,1,5,92000.0
2531,505,108,95,1,2,73000.0
2532,737,108,186,1,5,55000.0
2533,344,715,210,1,5,164000.0
2534,149,108,210,1,5,156000.0
2535,327,173,172,1,3,62000.0
2536,816,191,172,1,4,103000.0
2537,705,446,210,1,4,90000.0
2538,924,191,90,1,4,95000.0
2539,778,446,210,1,5,131000.0
2540,537,406,152,2,1,0.0
2541,834,670,152,1,1,39000.0
2542,821,191,112,1,5,55000.0
2543,985,191,73,1,5,115000.0
2544,351,191,126,1,3,73000.0
2545,408,191,90,1,4,95000.0
2546,857,861,209,1,5,160000.0
2547,123,191,129,1,5,115000.0
2548,904,190,189,1,4,56000.0
2549,263,191,115,1,5,115000.0
2550,207,787,172,1,5,62000.0
2551,938,779,27,1,5,69000.0
2552,866,44,172,1,5,110000.0
2553,745,233,210,1,1,44000.0
2554,237,173,90,1,5,62000.0
2555,838,191,172,1,3,73000.0
2556,737,173,209,1,1,42000.0
2557,906,446,172,1,3,74000.0
2558,714,446,73,1,4,158000.0
2559,527,268,209,1,5,129000.0
2560,617,191,172,1,5,62000.0
2561,17,173,191,1,1,42000.0
2562,867,268,172,1,4,90000.0
2563,225,620,16,1,5,131000.0
2564,149,268,210,1,5,156000.0
2565,1068,268,209,1,3,45000.0
2566,527,268,209,1,5,129000.0
2567,345,209,210,1,1,44000.0
2568,93,446,172,1,5,140000.0
2569,118,173,172,1,5,92000.0
2570,644,452,73,1,5,69000.0
2571,130,307,210,1,2,180000.0
2572,422,173,172,1,5,92000.0
2573,636,268,210,1,3,55000.0
2574,38,173,112,1,5,92000.0
2575,356,213,65,1,1,39000.0
2576,56,710,168,1,5,62000.0
2577,899,97,47,1,1,35000.0
2578,537,405,152,2,1,0.0
2579,973,173,172,1,5,95000.0
2580,892,173,14,1,5,92000.0
2581,537,404,152,2,1,0.0
2582,118,191,172,1,5,115000.0
2583,855,268,95,1,5,129000.0
2584,886,910,73,1,5,99000.0
2585,737,191,210,1,5,30000.0
2586,344,441,209,1,4,56000.0
2587,924,191,90,1,5,115000.0
2588,636,268,210,1,3,55000.0
2589,14,108,172,1,5,49000.0
2590,811,191,210,1,5,115000.0
2591,160,563,95,1,5,62000.0
2592,1050,775,112,1,5,49000.0
2593,1056,191,210,1,5,94000.0
2594,231,659,209,1,3,48000.0
2595,388,427,209,1,3,105000.0
2596,918,268,172,1,5,129000.0
2597,149,268,210,1,5,129000.0
2598,545,173,172,1,1,40000.0
2599,605,446,210,1,5,199000.0
2600,688,446,210,1,5,119000.0
2601,158,173,210,2,1,0.0
2602,984,589,115,1,5,105000.0
2603,778,268,210,1,4,90000.0
2604,947,173,144,1,5,100000.0
2605,636,268,210,1,3,55000.0
2606,149,268,210,1,5,156000.0
2607,158,515,95,1,1,39000.0
2608,356,212,64,1,2,77000.0
2609,384,446,172,1,4,56000.0
2610,274,803,210,1,5,69000.0
2611,283,191,90,1,5,115000.0
2612,737,191,210,1,2,115000.0
2613,1045,258,115,1,5,144000.0
2614,986,371,114,1,2,102000.0
2615,65,173,209,1,1,39000.0
2616,51,268,73,1,5,220000.0
2617,778,268,210,1,5,129000.0
2618,751,446,73,1,5,180000.0
2619,985,268,73,1,5,129000.0
2620,688,173,210,1,5,74000.0
2621,990,268,112,1,5,129000.0
2622,111,191,172,1,5,151000.0
2623,5,191,172,1,5,115000.0
2624,778,268,210,1,5,129000.0
2625,347,182,27,1,5,69000.0
2626,27,173,95,1,1,42000.0
2627,990,268,210,1,5,129000.0
2628,118,193,172,1,5,62000.0
2629,93,19,172,1,4,100000.0
2630,82,469,191,1,4,56000.0
2631,688,543,210,1,5,69000.0
2632,865,596,172,1,4,63000.0
2633,48,191,209,1,3,73000.0
2634,947,446,207,1,5,131000.0
2635,713,173,112,2,1,0.0
2636,636,268,210,1,3,55000.0
2637,226,173,172,1,5,93000.0
2638,936,491,210,1,3,56000.0
2639,14,108,172,1,5,49000.0
2640,548,761,210,1,5,62000.0
2641,698,173,148,1,5,103000.0
2642,980,173,199,1,3,62000.0
2643,811,191,210,1,5,115000.0
2644,199,173,140,1,3,62000.0
2645,698,173,148,1,5,81000.0
2646,947,191,90,1,2,200000.0
2647,482,59,210,1,3,100000.0
2648,806,107,172,1,5,132000.0
2649,937,173,209,1,1,42000.0
2650,1020,188,172,1,5,62000.0
2651,244,197,210,1,3,56000.0
2652,379,173,95,1,5,92000.0
2653,859,173,210,1,5,92000.0
2654,792,268,112,1,5,129000.0
2655,441,608,125,1,5,69000.0
2656,947,191,90,1,5,115000.0
2657,315,106,103,1,5,55000.0
2658,388,753,209,1,5,105000.0
2659,548,874,210,1,5,69000.0
2660,864,46,148,1,4,115000.0
2661,88,173,153,1,3,62000.0
2662,11,173,209,1,4,75000.0
2663,1032,191,128,1,4,95000.0
2664,635,446,172,1,5,180000.0
2665,500,44,172,1,5,110000.0
2666,737,230,209,1,3,51000.0
2667,318,173,62,1,5,92000.0
2668,294,609,171,1,5,103000.0
2669,282,602,207,1,5,89000.0
2670,467,173,172,1,1,60000.0
2671,978,173,172,1,5,92000.0
2672,247,268,184,1,4,90000.0
2673,356,410,65,1,1,48000.0
2674,743,173,187,1,3,56000.0
2675,571,191,210,1,5,115000.0
2676,915,173,186,1,3,62000.0
2677,105,724,172,1,5,145000.0
2678,984,826,209,1,5,69000.0
2679,356,77,65,1,1,103000.0
2680,891,212,209,1,3,77000.0
2681,105,723,172,1,5,145000.0
2682,826,446,186,1,3,74000.0
2683,496,268,210,1,3,55000.0
2684,374,8,18,1,5,129000.0
2685,329,173,112,1,3,62000.0
2686,952,191,191,1,4,95000.0
2687,678,173,209,1,5,92000.0
2688,199,173,140,1,3,62000.0
2689,842,275,112,1,5,55000.0
2690,46,173,51,1,3,62000.0
2691,158,173,112,1,5,92000.0
2692,315,268,157,1,5,129000.0
2693,1013,17,112,1,5,131000.0
2694,7,191,172,1,5,115000.0
2695,516,104,97,1,5,30000.0
2696,884,446,64,1,5,131000.0
2697,751,446,73,1,5,180000.0
2698,913,277,209,1,4,56000.0
2699,36,191,209,1,5,113000.0
2700,1025,268,95,1,5,129000.0
2701,405,173,97,1,1,42000.0
2702,730,454,173,1,5,56000.0
2703,29,191,209,1,5,115000.0
2704,971,191,95,1,3,73000.0
2705,84,173,98,1,5,92000.0
2706,939,580,1,1,5,62000.0
2707,861,191,209,1,5,115000.0
2708,284,656,126,1,5,69000.0
2709,712,700,172,1,5,124000.0
2710,483,842,172,1,5,62000.0
2711,540,441,112,1,4,45000.0
2712,904,139,90,1,1,39000.0
2713,805,191,172,1,3,73000.0
2714,932,191,112,1,5,115000.0
2715,420,190,210,1,5,84000.0
2716,405,177,97,1,1,30000.0
2717,71,108,210,1,5,79000.0
2718,730,457,173,1,5,56000.0
2719,778,189,210,1,5,135000.0
2720,553,479,39,1,5,62000.0
2721,759,581,172,1,5,105000.0
2722,62,104,168,1,5,30000.0
2723,175,173,151,1,3,62000.0
2724,389,191,185,1,5,115000.0
2725,825,468,209,1,5,120000.0
2726,42,38,150,1,1,65000.0
2727,778,191,210,1,4,95000.0
2728,1054,528,168,1,5,62000.0
2729,194,883,189,1,5,110000.0
2730,496,580,210,1,3,56000.0
2731,415,11,210,1,1,39000.0
2732,778,173,210,1,1,42000.0
2733,526,189,148,1,5,168000.0
2734,638,104,115,1,5,30000.0
2735,778,247,210,1,1,30000.0
2736,1050,446,112,1,5,131000.0
2737,170,268,210,1,3,55000.0
2738,904,138,90,1,4,56000.0
2739,987,173,24,1,5,65000.0
2740,553,666,39,1,5,60000.0
2741,748,268,172,1,5,129000.0
2742,778,189,210,1,5,135000.0
2743,825,446,209,1,5,100000.0
2744,430,173,58,1,5,92000.0
2745,267,173,172,1,5,92000.0
2746,737,41,210,1,1,52000.0
2747,845,446,95,1,5,131000.0
2748,158,191,112,1,5,115000.0
2749,548,312,210,1,2,81000.0
2750,548,538,210,1,5,69000.0
2751,39,191,152,1,5,115000.0
2752,937,173,209,1,1,42000.0
2753,593,107,112,1,1,42000.0
2754,962,507,209,1,5,62000.0
2755,873,173,188,1,1,42000.0
2756,985,268,210,1,1,40000.0
2757,625,173,189,1,5,92000.0
2758,737,191,210,1,5,81000.0
2759,344,173,210,1,5,104000.0
2760,149,268,210,1,5,129000.0
2761,365,202,210,1,3,56000.0
2762,638,268,210,1,1,39000.0
2763,985,268,210,1,1,39000.0
2764,365,346,210,1,2,81000.0
2765,615,173,210,1,5,92000.0
2766,762,191,210,1,5,69000.0
2767,990,315,210,1,2,81000.0
2768,273,189,210,1,5,204000.0
2769,62,191,168,1,5,30000.0
2770,449,189,76,1,5,62000.0
2771,822,173,90,1,5,92000.0
2772,72,290,73,1,2,81000.0
2773,449,191,76,1,5,115000.0
2774,158,173,185,1,4,75000.0
2775,737,173,75,1,5,92000.0
2776,356,173,65,1,5,92000.0
2777,985,580,209,1,5,62000.0
2778,732,191,73,1,5,69000.0
2779,879,580,210,1,2,81000.0
2780,158,268,169,1,5,129000.0
2781,896,268,90,1,5,129000.0
2782,737,173,186,1,3,62000.0
2783,1038,173,112,1,1,42000.0
2784,608,438,209,1,3,51000.0
2785,248,191,112,1,5,115000.0
2786,162,108,172,1,5,76000.0
2787,731,191,114,1,5,56000.0
2788,280,173,172,1,5,80000.0
2789,276,191,95,1,1,39000.0
2790,817,173,210,1,5,120000.0
2791,449,189,76,1,5,62000.0
2792,945,44,38,1,5,110000.0
2793,447,191,172,1,5,125000.0
2794,991,446,189,1,3,74000.0
2795,69,630,207,1,5,51000.0
2796,990,690,209,1,2,73000.0
2797,282,591,207,1,5,105000.0
2798,485,719,114,1,5,129000.0
2799,896,94,192,1,5,62000.0
2800,957,268,172,1,1,39000.0
2801,936,268,172,1,3,55000.0
2802,1019,795,210,1,5,163000.0
2803,511,191,212,1,5,115000.0
2804,284,252,126,2,1,0.0
2805,670,191,172,1,5,160000.0
2806,280,173,172,1,5,95000.0
2807,737,191,210,1,3,52000.0
2808,986,273,209,1,4,56000.0
2809,797,728,73,1,5,69000.0
2810,1070,270,192,1,1,70000.0
2811,350,191,177,1,5,115000.0
2812,437,577,191,1,5,62000.0
2813,158,191,169,1,5,115000.0
2814,495,575,152,1,1,70000.0
2815,71,108,119,1,5,55000.0
2816,817,782,122,1,5,55000.0
2817,605,326,210,1,5,69000.0
2818,298,191,140,1,5,115000.0
2819,660,446,207,1,5,131000.0
2820,873,638,188,1,5,48000.0
2821,1034,173,153,1,4,75000.0
2822,360,268,114,1,5,129000.0
2823,817,825,122,1,5,49000.0
2824,642,446,164,1,5,55000.0
2825,87,173,172,1,5,92000.0
2826,1049,446,73,1,5,173000.0
2827,904,149,90,1,5,62000.0
2828,587,245,169,1,3,51000.0
2829,107,496,172,1,3,45000.0
2830,990,268,191,1,5,40000.0
2831,125,18,172,2,1,0.0
2832,873,191,188,1,1,59000.0
2833,931,173,172,1,5,109000.0
2834,149,446,210,1,5,142000.0
2835,990,191,112,1,5,115000.0
2836,158,317,112,1,5,33000.0
2837,510,449,115,1,5,55000.0
2838,864,600,209,1,5,89000.0
2839,411,191,190,1,3,73000.0
2840,2,629,210,1,5,128000.0
2841,990,476,73,1,2,81000.0
2842,71,68,210,1,5,136000.0
2843,1003,268,140,1,3,55000.0
2844,310,228,209,1,3,54000.0
2845,274,189,210,1,5,135000.0
2846,635,17,73,1,1,153000.0
2847,954,787,172,1,5,170000.0
2848,314,268,172,1,5,129000.0
2849,977,268,209,1,3,55000.0
2850,732,189,210,1,5,199000.0
2851,140,472,50,1,5,55000.0
2852,507,323,112,2,1,0.0
2853,394,268,73,1,5,157000.0
2854,68,191,172,1,5,115000.0
2855,896,343,209,1,4,56000.0
2856,659,173,139,1,5,92000.0
2857,122,191,210,1,5,115000.0
2858,796,191,90,1,3,73000.0
2859,873,191,188,1,2,200000.0
2860,295,815,73,1,1,160000.0
2861,737,268,186,1,2,90000.0
2862,896,268,90,1,4,90000.0
2863,920,191,172,1,3,73000.0
2864,83,673,209,1,5,110000.0
2865,360,268,209,1,5,129000.0
2866,669,831,210,1,5,200000.0
2867,724,191,172,1,4,70000.0
2868,158,173,105,1,5,30000.0
2869,283,173,90,2,1,0.0
2870,709,173,86,1,1,39000.0
2871,341,173,172,1,5,36000.0
2872,360,268,95,1,5,129000.0
2873,474,221,73,1,4,60000.0
2874,756,191,172,1,1,59000.0
2875,485,881,14,1,5,129000.0
2876,737,729,116,1,5,62000.0
2877,1017,183,209,1,1,120000.0
2878,933,191,169,1,5,115000.0
2879,723,191,172,1,4,70000.0
2880,804,173,172,1,3,65000.0
2881,474,173,210,1,5,92000.0
2882,1064,177,172,1,1,30000.0
2883,565,191,78,1,4,95000.0
2884,406,871,172,1,5,63000.0
2885,168,268,207,1,5,129000.0
2886,168,268,73,1,5,123000.0
2887,947,191,209,1,5,115000.0
2888,168,251,210,1,5,109000.0
2889,821,845,210,1,5,117000.0
2890,572,510,169,1,3,70000.0
2891,947,446,144,1,5,170000.0
2892,170,57,210,1,3,113000.0
2893,737,85,210,1,3,106000.0
2894,307,786,6,1,5,176000.0
2895,1012,268,167,1,1,39000.0
2896,25,268,73,1,1,39000.0
